-- MySQL dump 10.13  Distrib 5.5.60, for debian-linux-gnu (x86_64)
--
-- Host: localhost    Database: cacti
-- ------------------------------------------------------
-- Server version	5.5.60-0+deb8u1

/*!40101 SET @OLD_CHARACTER_SET_CLIENT=@@CHARACTER_SET_CLIENT */;
/*!40101 SET @OLD_CHARACTER_SET_RESULTS=@@CHARACTER_SET_RESULTS */;
/*!40101 SET @OLD_COLLATION_CONNECTION=@@COLLATION_CONNECTION */;
/*!40101 SET NAMES utf8 */;
/*!40103 SET @OLD_TIME_ZONE=@@TIME_ZONE */;
/*!40103 SET TIME_ZONE='+00:00' */;
/*!40014 SET @OLD_UNIQUE_CHECKS=@@UNIQUE_CHECKS, UNIQUE_CHECKS=0 */;
/*!40014 SET @OLD_FOREIGN_KEY_CHECKS=@@FOREIGN_KEY_CHECKS, FOREIGN_KEY_CHECKS=0 */;
/*!40101 SET @OLD_SQL_MODE=@@SQL_MODE, SQL_MODE='NO_AUTO_VALUE_ON_ZERO' */;
/*!40111 SET @OLD_SQL_NOTES=@@SQL_NOTES, SQL_NOTES=0 */;

--
-- Table structure for table `cdef`
--

DROP TABLE IF EXISTS `cdef`;
/*!40101 SET @saved_cs_client     = @@character_set_client */;
/*!40101 SET character_set_client = utf8 */;
CREATE TABLE `cdef` (
  `id` mediumint(8) unsigned NOT NULL AUTO_INCREMENT,
  `hash` varchar(32) NOT NULL DEFAULT '',
  `name` varchar(255) NOT NULL DEFAULT '',
  PRIMARY KEY (`id`)
) ENGINE=MyISAM AUTO_INCREMENT=21 DEFAULT CHARSET=latin1;
/*!40101 SET character_set_client = @saved_cs_client */;

--
-- Dumping data for table `cdef`
--

LOCK TABLES `cdef` WRITE;
/*!40000 ALTER TABLE `cdef` DISABLE KEYS */;
INSERT INTO `cdef` VALUES (3,'3d352eed9fa8f7b2791205b3273708c7','Make Stack Negative'),(4,'e961cc8ec04fda6ed4981cf5ad501aa5','Make Per 5 Minutes'),(12,'f1ac79f05f255c02f914c920f1038c54','Total All Data Sources'),(2,'73f95f8b77b5508157d64047342c421e','Turn Bytes into Bits'),(14,'634a23af5e78af0964e8d33b1a4ed26b','Multiply by 1024'),(15,'068984b5ccdfd2048869efae5166f722','Total All Data Sources, Multiply by 1024'),(16,'2b65c65c41fd19ed9a374688f5c3ac5d','Divide by 8640000 (Ticks to Days)'),(17,'027b5d0724970e691eb2a12ffa40e301','Make Stack Negative, Multiply by 1024'),(18,'08008d157986693a84af9bf23a3ae905','Multiply by 100, Divided by Total All Data Sources'),(19,'2e1f2efd42b3433057b86272e4defffa','Total All Data Source, Minus Actual Data Source, Multiply by 100, Divided by Total All Data Sources'),(20,'2581730093ffaf41b2ddfb6a41cc78ba','Unknown-Data');
/*!40000 ALTER TABLE `cdef` ENABLE KEYS */;
UNLOCK TABLES;

--
-- Table structure for table `cdef_items`
--

DROP TABLE IF EXISTS `cdef_items`;
/*!40101 SET @saved_cs_client     = @@character_set_client */;
/*!40101 SET character_set_client = utf8 */;
CREATE TABLE `cdef_items` (
  `id` mediumint(8) unsigned NOT NULL AUTO_INCREMENT,
  `hash` varchar(32) NOT NULL DEFAULT '',
  `cdef_id` mediumint(8) unsigned NOT NULL DEFAULT '0',
  `sequence` mediumint(8) unsigned NOT NULL DEFAULT '0',
  `type` tinyint(2) NOT NULL DEFAULT '0',
  `value` varchar(150) NOT NULL DEFAULT '',
  PRIMARY KEY (`id`),
  KEY `cdef_id` (`cdef_id`)
) ENGINE=MyISAM AUTO_INCREMENT=47 DEFAULT CHARSET=latin1;
/*!40101 SET character_set_client = @saved_cs_client */;

--
-- Dumping data for table `cdef_items`
--

LOCK TABLES `cdef_items` WRITE;
/*!40000 ALTER TABLE `cdef_items` DISABLE KEYS */;
INSERT INTO `cdef_items` VALUES (7,'9bbf6b792507bb9bb17d2af0970f9be9',2,1,4,'CURRENT_DATA_SOURCE'),(9,'a4b8eb2c3bf4920a3ef571a7a004be53',2,2,6,'8'),(8,'caa4e023ac2d7b1c4b4c8c4adfd55dfe',2,3,2,'3'),(10,'c888c9fe6b62c26c4bfe23e18991731d',3,1,4,'CURRENT_DATA_SOURCE'),(11,'1e1d0b29a94e08b648c8f053715442a0',3,3,2,'3'),(12,'4355c197998c7f8b285be7821ddc6da4',3,2,6,'-1'),(13,'40bb7a1143b0f2e2efca14eb356236de',4,1,4,'CURRENT_DATA_SOURCE'),(14,'42686ea0925c0220924b7d333599cd67',4,3,2,'3'),(15,'faf1b148b2c0e0527362ed5b8ca1d351',4,2,6,'300'),(16,'0ef6b8a42dc83b4e43e437960fccd2ea',12,1,4,'ALL_DATA_SOURCES_NODUPS'),(18,'86370cfa0008fe8c56b28be80ee39a40',14,1,4,'CURRENT_DATA_SOURCE'),(19,'9a35cc60d47691af37f6fddf02064e20',14,2,6,'1024'),(20,'5d7a7941ec0440b257e5598a27dd1688',14,3,2,'3'),(21,'44fd595c60539ff0f5817731d9f43a85',15,1,4,'ALL_DATA_SOURCES_NODUPS'),(22,'aa38be265e5ac31783e57ce6f9314e9a',15,2,6,'1024'),(23,'204423d4b2598f1f7252eea19458345c',15,3,2,'3'),(24,'4fb6f0b035727a24d602d4649537a8e2',16,1,4,'CURRENT_DATA_SOURCE'),(25,'d187ca081a9dd25771172186602be2b4',16,2,6,'8640000'),(26,'621f1f91f8d75ca055825eaa4b22db06',16,3,2,'4'),(27,'377c32cdba594251b70966ab916e4c37',17,1,4,'CURRENT_DATA_SOURCE'),(28,'1c1f3e89c3194ca4e8f99417425aca28',17,2,6,'-1024'),(29,'932fef77c7a45ef716b351e71e5d1aec',17,3,2,'3'),(30,'d6097528d5082b9a13a96e5af85b64a7',18,1,4,'CURRENT_DATA_SOURCE'),(31,'71bf99e807d72863f062bbddb43b0df7',18,2,6,'100'),(32,'c0d0102abff05d3afd60bae80c0fbe73',18,3,2,'3'),(33,'98137f877d26a4865ae608694a87cd86',18,4,4,'ALL_DATA_SOURCES_NODUPS'),(34,'0c0f27d625af9fbad77de0b571427f2c',18,5,2,'4'),(35,'84a6f4b596c7554f145da3bcbb11b58f',19,1,4,'ALL_DATA_SOURCES_NODUPS'),(36,'b77bfbbc8619b1e4b9f114b5aa416895',19,2,4,'CURRENT_DATA_SOURCE'),(37,'31657960c0f1d8649527879e71eedd86',19,3,2,'2'),(38,'b6394755dcaff65e16164d90303cc5f4',19,4,6,'100'),(39,'2a47666cccd42c97947d300b14b4ae01',19,5,2,'3'),(40,'a2972850bb088beab3786b08ef15316f',19,6,4,'ALL_DATA_SOURCES_NODUPS'),(41,'3dc15c98f2f868f002e1a92b42490861',19,7,2,'4'),(42,'a8535e9619999f880edace17f64382f7',20,1,4,'CURRENT_DATA_SOURCE'),(43,'1fb7891c37fc8e1fc6ddce5dd98110af',20,2,1,'19'),(44,'06b6bc4cf2c79ea5293fa2f4edd05269',20,3,1,'22'),(45,'2d11fa18e056213376755b8741a9563e',20,4,1,'20'),(46,'12b6c95dee0c6185bb4764765aa8d949',20,5,1,'12');
/*!40000 ALTER TABLE `cdef_items` ENABLE KEYS */;
UNLOCK TABLES;

--
-- Table structure for table `colors`
--

DROP TABLE IF EXISTS `colors`;
/*!40101 SET @saved_cs_client     = @@character_set_client */;
/*!40101 SET character_set_client = utf8 */;
CREATE TABLE `colors` (
  `id` mediumint(8) unsigned NOT NULL AUTO_INCREMENT,
  `hex` varchar(6) NOT NULL DEFAULT '',
  PRIMARY KEY (`id`)
) ENGINE=MyISAM AUTO_INCREMENT=105 DEFAULT CHARSET=latin1;
/*!40101 SET character_set_client = @saved_cs_client */;

--
-- Dumping data for table `colors`
--

LOCK TABLES `colors` WRITE;
/*!40000 ALTER TABLE `colors` DISABLE KEYS */;
INSERT INTO `colors` VALUES (1,'000000'),(2,'FFFFFF'),(4,'FAFD9E'),(5,'C0C0C0'),(6,'74C366'),(7,'6DC8FE'),(8,'EA8F00'),(9,'FF0000'),(10,'4444FF'),(11,'FF00FF'),(12,'00FF00'),(13,'8D85F3'),(14,'AD3B6E'),(15,'EACC00'),(16,'12B3B5'),(17,'157419'),(18,'C4FD3D'),(19,'817C4E'),(20,'002A97'),(21,'0000FF'),(22,'00CF00'),(24,'F9FD5F'),(25,'FFF200'),(26,'CCBB00'),(27,'837C04'),(28,'EAAF00'),(29,'FFD660'),(30,'FFC73B'),(31,'FFAB00'),(33,'FF7D00'),(34,'ED7600'),(35,'FF5700'),(36,'EE5019'),(37,'B1441E'),(38,'FFC3C0'),(39,'FF897C'),(40,'FF6044'),(41,'FF4105'),(42,'DA4725'),(43,'942D0C'),(44,'FF3932'),(45,'862F2F'),(46,'FF5576'),(47,'562B29'),(48,'F51D30'),(49,'DE0056'),(50,'ED5394'),(51,'B90054'),(52,'8F005C'),(53,'F24AC8'),(54,'E8CDEF'),(55,'D8ACE0'),(56,'A150AA'),(57,'750F7D'),(58,'8D00BA'),(59,'623465'),(60,'55009D'),(61,'3D168B'),(62,'311F4E'),(63,'D2D8F9'),(64,'9FA4EE'),(65,'6557D0'),(66,'4123A1'),(67,'4668E4'),(68,'0D006A'),(69,'00004D'),(70,'001D61'),(71,'00234B'),(72,'002A8F'),(73,'2175D9'),(74,'7CB3F1'),(75,'005199'),(76,'004359'),(77,'00A0C1'),(78,'007283'),(79,'00BED9'),(80,'AFECED'),(81,'55D6D3'),(82,'00BBB4'),(83,'009485'),(84,'005D57'),(85,'008A77'),(86,'008A6D'),(87,'00B99B'),(88,'009F67'),(89,'00694A'),(90,'00A348'),(91,'00BF47'),(92,'96E78A'),(93,'00BD27'),(94,'35962B'),(95,'7EE600'),(96,'6EA100'),(97,'CAF100'),(98,'F5F800'),(99,'CDCFC4'),(100,'BCBEB3'),(101,'AAABA1'),(102,'8F9286'),(103,'797C6E'),(104,'2E3127');
/*!40000 ALTER TABLE `colors` ENABLE KEYS */;
UNLOCK TABLES;

--
-- Table structure for table `data_input`
--

DROP TABLE IF EXISTS `data_input`;
/*!40101 SET @saved_cs_client     = @@character_set_client */;
/*!40101 SET character_set_client = utf8 */;
CREATE TABLE `data_input` (
  `id` mediumint(8) unsigned NOT NULL AUTO_INCREMENT,
  `hash` varchar(32) NOT NULL DEFAULT '',
  `name` varchar(200) NOT NULL DEFAULT '',
  `input_string` varchar(255) DEFAULT NULL,
  `type_id` tinyint(2) NOT NULL DEFAULT '0',
  PRIMARY KEY (`id`),
  KEY `name` (`name`)
) ENGINE=MyISAM AUTO_INCREMENT=13 DEFAULT CHARSET=latin1;
/*!40101 SET character_set_client = @saved_cs_client */;

--
-- Dumping data for table `data_input`
--

LOCK TABLES `data_input` WRITE;
/*!40000 ALTER TABLE `data_input` DISABLE KEYS */;
INSERT INTO `data_input` VALUES (1,'3eb92bb845b9660a7445cf9740726522','Get SNMP Data','',2),(2,'bf566c869ac6443b0c75d1c32b5a350e','Get SNMP Data (Indexed)','',3),(3,'274f4685461170b9eb1b98d22567ab5e','Unix - Get Free Disk Space','<path_cacti>/scripts/diskfree.sh <partition>',1),(4,'95ed0993eb3095f9920d431ac80f4231','Unix - Get Load Average','perl <path_cacti>/scripts/loadavg_multi.pl',1),(5,'79a284e136bb6b061c6f96ec219ac448','Unix - Get Logged In Users','perl <path_cacti>/scripts/unix_users.pl <username>',1),(6,'362e6d4768937c4f899dd21b91ef0ff8','Linux - Get Memory Usage','perl <path_cacti>/scripts/linux_memory.pl <grepstr>',1),(7,'a637359e0a4287ba43048a5fdf202066','Unix - Get System Processes','perl <path_cacti>/scripts/unix_processes.pl',1),(8,'47d6bfe8be57a45171afd678920bd399','Unix - Get TCP Connections','perl <path_cacti>/scripts/unix_tcp_connections.pl <grepstr>',1),(9,'cc948e4de13f32b6aea45abaadd287a3','Unix - Get Web Hits','perl <path_cacti>/scripts/webhits.pl <log_path>',1),(10,'8bd153aeb06e3ff89efc73f35849a7a0','Unix - Ping Host','perl <path_cacti>/scripts/ping.pl <ip>',1),(11,'80e9e4c4191a5da189ae26d0e237f015','Get Script Data (Indexed)','',4),(12,'332111d8b54ac8ce939af87a7eac0c06','Get Script Server Data (Indexed)','',6);
/*!40000 ALTER TABLE `data_input` ENABLE KEYS */;
UNLOCK TABLES;

--
-- Table structure for table `data_input_data`
--

DROP TABLE IF EXISTS `data_input_data`;
/*!40101 SET @saved_cs_client     = @@character_set_client */;
/*!40101 SET character_set_client = utf8 */;
CREATE TABLE `data_input_data` (
  `data_input_field_id` mediumint(8) unsigned NOT NULL DEFAULT '0',
  `data_template_data_id` mediumint(8) unsigned NOT NULL DEFAULT '0',
  `t_value` char(2) DEFAULT NULL,
  `value` text,
  PRIMARY KEY (`data_input_field_id`,`data_template_data_id`),
  KEY `t_value` (`t_value`)
) ENGINE=MyISAM DEFAULT CHARSET=latin1;
/*!40101 SET character_set_client = @saved_cs_client */;

--
-- Dumping data for table `data_input_data`
--

LOCK TABLES `data_input_data` WRITE;
/*!40000 ALTER TABLE `data_input_data` DISABLE KEYS */;
INSERT INTO `data_input_data` VALUES (14,1,'on',''),(13,1,'on',''),(12,1,'on',''),(14,2,'on',''),(13,2,'on',''),(12,2,'on',''),(14,3,'on',''),(13,3,'on',''),(12,3,'on',''),(1,4,'',''),(1,5,'',''),(1,6,'',''),(14,7,'on',''),(13,7,'on',''),(12,7,'on',''),(14,8,'on',''),(13,8,'on',''),(12,8,'on',''),(14,9,'on',''),(13,9,'on',''),(12,9,'on',''),(14,10,'on',''),(13,10,'on',''),(12,10,'on',''),(22,12,'','Buffers:'),(22,13,'','MemFree:'),(22,14,'','^Cached:'),(22,15,'','SwapFree:'),(29,18,'',''),(1,19,'',''),(2,19,'',''),(6,21,'','.1.3.6.1.2.1.25.3.3.1.2.1'),(1,27,'',''),(6,28,'','.1.3.6.1.4.1.9.9.109.1.1.1.1.3.1'),(6,29,'','.1.3.6.1.4.1.9.9.109.1.1.1.1.4.1'),(1,30,'',''),(1,31,'',''),(1,32,'',''),(1,33,'',''),(1,34,'',''),(14,35,'on',''),(13,35,'on',''),(12,35,'on',''),(14,36,'on',''),(13,36,'on',''),(12,36,'on',''),(1,22,'',''),(1,23,'',''),(1,24,'',''),(1,25,'',''),(1,26,'',''),(33,37,'on',''),(32,37,'on',''),(31,37,'on',''),(14,38,'',''),(13,38,'',''),(12,38,'',''),(14,39,'',''),(13,39,'',''),(12,39,'',''),(14,40,'',''),(13,40,'',''),(12,40,'',''),(14,41,'',''),(13,41,'',''),(12,41,'',''),(14,55,'on',''),(13,55,'on',''),(12,55,'on',''),(37,56,'on',''),(36,56,'on',''),(35,56,'on',''),(37,57,'on',''),(36,57,'on',''),(35,57,'on',''),(1,58,'',''),(1,59,'',''),(1,20,'',''),(5,6,'',''),(22,62,NULL,'MemFree:'),(22,63,NULL,'SwapFree:'),(4,6,'',''),(3,6,'',''),(2,6,'',''),(6,69,'on',''),(1,68,'',''),(2,68,'',''),(6,6,'','.1.3.6.1.4.1.2021.11.51.0'),(2,27,'',''),(3,27,'',''),(4,27,'',''),(5,27,'',''),(6,27,'','.1.3.6.1.4.1.9.2.1.58.0'),(2,59,'',''),(3,59,'',''),(4,59,'',''),(5,59,'',''),(6,59,'','.1.3.6.1.2.1.25.1.5.0'),(2,58,'',''),(3,58,'',''),(4,58,'',''),(5,58,'',''),(6,58,'','.1.3.6.1.2.1.25.1.6.0'),(2,24,'',''),(3,24,'',''),(4,24,'',''),(5,24,'',''),(6,24,'','.1.3.6.1.4.1.23.2.28.2.5.0'),(2,25,'',''),(3,25,'',''),(4,25,'',''),(5,25,'',''),(6,25,'','.1.3.6.1.4.1.23.2.28.2.6.0'),(2,22,'',''),(3,22,'',''),(4,22,'',''),(5,22,'',''),(6,22,'','.1.3.6.1.4.1.23.2.28.2.1.0'),(2,23,'',''),(3,23,'',''),(4,23,'',''),(5,23,'',''),(6,23,'','.1.3.6.1.4.1.23.2.28.2.2.0'),(2,26,'',''),(3,26,'',''),(4,26,'',''),(5,26,'',''),(6,26,'','.1.3.6.1.4.1.23.2.28.2.7.0'),(2,20,'',''),(3,20,'',''),(4,20,'',''),(5,20,'',''),(6,20,'','.1.3.6.1.4.1.23.2.28.3.2.0'),(3,19,'',''),(4,19,'',''),(5,19,'',''),(6,19,'','.1.3.6.1.4.1.23.2.28.3.1'),(2,4,'',''),(3,4,'',''),(4,4,'',''),(5,4,'',''),(6,4,'','.1.3.6.1.4.1.2021.11.52.0'),(2,5,'',''),(3,5,'',''),(4,5,'',''),(5,5,'',''),(6,5,'','.1.3.6.1.4.1.2021.11.50.0'),(2,30,'',''),(3,30,'',''),(4,30,'',''),(5,30,'',''),(6,30,'','.1.3.6.1.4.1.2021.10.1.3.1'),(2,32,'',''),(3,32,'',''),(4,32,'',''),(5,32,'',''),(6,32,'','.1.3.6.1.4.1.2021.10.1.3.3'),(2,31,'',''),(3,31,'',''),(4,31,'',''),(5,31,'',''),(6,31,'','.1.3.6.1.4.1.2021.10.1.3.2'),(2,33,'',''),(3,33,'',''),(4,33,'',''),(5,33,'',''),(6,33,'','.1.3.6.1.4.1.2021.4.14.0'),(3,68,'',''),(4,68,'',''),(5,68,'',''),(6,68,'','.1.3.6.1.4.1.2021.4.15.0'),(2,34,'',''),(3,34,'',''),(4,34,'',''),(5,34,'',''),(6,34,'','.1.3.6.1.4.1.2021.4.6.0'),(20,17,'',''),(20,65,NULL,''),(33,70,'','15'),(32,70,'','/dev/disk/by-label/DOROOT'),(31,70,'','dskDevice'),(6,71,'','.1.3.6.1.2.1.25.1.6.0'),(5,71,'',''),(4,71,'',''),(3,71,'',''),(2,71,'',''),(1,71,'',''),(6,72,'','.1.3.6.1.2.1.25.1.5.0'),(5,72,'',''),(4,72,'',''),(3,72,'',''),(2,72,'',''),(1,72,'',''),(6,73,'','.1.3.6.1.2.1.6.9.0'),(5,73,'',''),(4,73,'',''),(3,73,'',''),(2,73,'',''),(1,73,'',''),(6,74,'','.1.3.6.1.2.1.25.1.1.0'),(5,74,'',''),(4,74,'',''),(3,74,'',''),(2,74,'',''),(1,74,'',''),(6,75,'','.1.3.6.1.2.1.1.3.0'),(5,75,'',''),(4,75,'',''),(3,75,'',''),(2,75,'',''),(1,75,'',''),(6,76,'','.1.3.6.1.2.1.6.5.0'),(5,76,'',''),(4,76,'',''),(1,76,'',''),(2,76,'',''),(3,76,'',''),(5,77,'',''),(6,77,'','.1.3.6.1.2.1.6.6.0'),(4,77,'',''),(3,77,'',''),(2,77,'',''),(1,77,'',''),(6,78,'','.1.3.6.1.2.1.6.7.0'),(5,78,'',''),(4,78,'',''),(3,78,'',''),(2,78,'',''),(1,78,'',''),(6,79,'','.1.3.6.1.2.1.6.8.0'),(5,79,'',''),(4,79,'',''),(3,79,'',''),(2,79,'',''),(1,79,'',''),(1,80,'',''),(6,80,'','.1.3.6.1.4.1.2021.4.5.0'),(5,80,'',''),(4,80,'',''),(3,80,'',''),(2,80,'',''),(1,81,'',''),(2,81,'',''),(5,81,'',''),(4,81,'',''),(3,81,'',''),(6,81,'','.1.3.6.1.4.1.2021.4.6.0'),(4,82,'',''),(5,82,'',''),(6,82,'','.1.3.6.1.4.1.2021.4.14.0'),(1,82,'',''),(2,82,'',''),(3,82,'',''),(1,83,'',''),(2,83,'',''),(3,83,'',''),(4,83,'',''),(5,83,'',''),(6,83,'','.1.3.6.1.4.1.2021.4.15.0'),(1,84,'',''),(2,84,'',''),(3,84,'',''),(5,84,'',''),(4,84,'',''),(6,84,'','.1.3.6.1.4.1.2021.4.13.0'),(1,85,'',''),(2,85,'',''),(3,85,'',''),(4,85,'',''),(5,85,'',''),(6,85,'','.1.3.6.1.4.1.2021.10.1.3.2'),(1,86,'',''),(2,86,'',''),(3,86,'',''),(4,86,'',''),(5,86,'',''),(6,86,'','.1.3.6.1.4.1.2021.10.1.3.3'),(2,87,'',''),(1,87,'',''),(3,87,'',''),(4,87,'',''),(5,87,'',''),(6,87,'','.1.3.6.1.4.1.2021.10.1.3.1'),(49,88,'',''),(48,88,'',''),(43,88,'',''),(42,88,'',''),(41,88,'',''),(40,88,'',''),(6,88,'','.1.3.6.1.4.1.2021.11.53.0'),(5,88,'',''),(4,88,'',''),(3,88,'',''),(2,88,'',''),(1,88,'',''),(11,41,'',''),(10,41,'',''),(9,41,'',''),(8,41,'',''),(7,41,'',''),(9,38,'',''),(8,38,'',''),(7,38,'',''),(11,38,'',''),(10,38,'',''),(11,39,'',''),(10,39,'',''),(9,39,'',''),(8,39,'',''),(7,39,'',''),(11,40,'',''),(10,40,'',''),(9,40,'',''),(8,40,'',''),(7,40,'',''),(49,89,NULL,'161'),(48,89,NULL,'161'),(43,89,NULL,'DES'),(42,89,NULL,''),(41,89,NULL,'MD5'),(40,89,NULL,'161'),(6,89,'','.1.3.6.1.4.1.2021.11.53.0'),(5,89,NULL,'2'),(4,89,NULL,''),(3,89,NULL,''),(2,89,NULL,'public'),(1,89,NULL,'127.0.0.1'),(1,90,NULL,'127.0.0.1'),(5,90,NULL,'2'),(4,90,NULL,''),(3,90,NULL,''),(2,90,NULL,'public'),(6,90,'','.1.3.6.1.4.1.2021.11.51.0'),(1,91,NULL,'127.0.0.1'),(2,91,NULL,'public'),(3,91,NULL,''),(4,91,NULL,''),(5,91,NULL,'2'),(6,91,'','.1.3.6.1.4.1.2021.11.52.0'),(1,92,NULL,'127.0.0.1'),(2,92,NULL,'public'),(3,92,NULL,''),(4,92,NULL,''),(5,92,NULL,'2'),(6,92,'','.1.3.6.1.4.1.2021.11.50.0'),(47,89,NULL,'161'),(40,90,NULL,'161'),(41,90,NULL,'MD5'),(42,90,NULL,''),(43,90,NULL,'DES'),(47,90,NULL,'161'),(48,90,NULL,'161'),(49,90,NULL,'161'),(40,91,NULL,'161'),(41,91,NULL,'MD5'),(42,91,NULL,''),(43,91,NULL,'DES'),(47,91,NULL,'161'),(48,91,NULL,'161'),(49,91,NULL,'161'),(40,92,NULL,'161'),(41,92,NULL,'MD5'),(42,92,NULL,''),(43,92,NULL,'DES'),(47,92,NULL,'161'),(48,92,NULL,'161'),(49,92,NULL,'161'),(1,93,NULL,'127.0.0.1'),(2,93,NULL,'public'),(3,93,NULL,''),(4,93,NULL,''),(5,93,NULL,'2'),(6,93,'','.1.3.6.1.4.1.2021.10.1.3.3'),(2,94,NULL,'public'),(1,94,NULL,'127.0.0.1'),(3,94,NULL,''),(4,94,NULL,''),(5,94,NULL,'2'),(6,94,'','.1.3.6.1.4.1.2021.10.1.3.1'),(1,95,NULL,'127.0.0.1'),(2,95,NULL,'public'),(3,95,NULL,''),(4,95,NULL,''),(5,95,NULL,'2'),(6,95,'','.1.3.6.1.4.1.2021.10.1.3.2'),(40,93,NULL,'161'),(41,93,NULL,'MD5'),(42,93,NULL,''),(43,93,NULL,'DES'),(47,93,NULL,'161'),(48,93,NULL,'161'),(49,93,NULL,'161'),(40,94,NULL,'161'),(41,94,NULL,'MD5'),(42,94,NULL,''),(43,94,NULL,'DES'),(47,94,NULL,'161'),(48,94,NULL,'161'),(49,94,NULL,'161'),(40,95,NULL,'161'),(41,95,NULL,'MD5'),(42,95,NULL,''),(43,95,NULL,'DES'),(47,95,NULL,'161'),(48,95,NULL,'161'),(49,95,NULL,'161'),(1,96,NULL,'127.0.0.1'),(2,96,NULL,'public'),(5,96,NULL,'2'),(4,96,NULL,''),(3,96,NULL,''),(6,96,'','.1.3.6.1.4.1.2021.4.6.0'),(4,97,NULL,''),(5,97,NULL,'2'),(6,97,'','.1.3.6.1.4.1.2021.4.14.0'),(1,97,NULL,'127.0.0.1'),(2,97,NULL,'public'),(3,97,NULL,''),(1,98,NULL,'127.0.0.1'),(2,98,NULL,'public'),(3,98,NULL,''),(4,98,NULL,''),(5,98,NULL,'2'),(6,98,'','.1.3.6.1.4.1.2021.4.15.0'),(1,99,NULL,'127.0.0.1'),(2,99,NULL,'public'),(3,99,NULL,''),(5,99,NULL,'2'),(4,99,NULL,''),(6,99,'','.1.3.6.1.4.1.2021.4.13.0'),(1,100,NULL,'127.0.0.1'),(6,100,'','.1.3.6.1.4.1.2021.4.5.0'),(5,100,NULL,'2'),(4,100,NULL,''),(3,100,NULL,''),(2,100,NULL,'public'),(40,96,NULL,'161'),(41,96,NULL,'MD5'),(42,96,NULL,''),(43,96,NULL,'DES'),(47,96,NULL,'161'),(48,96,NULL,'161'),(49,96,NULL,'161'),(40,97,NULL,'161'),(41,97,NULL,'MD5'),(42,97,NULL,''),(43,97,NULL,'DES'),(47,97,NULL,'161'),(48,97,NULL,'161'),(49,97,NULL,'161'),(40,98,NULL,'161'),(41,98,NULL,'MD5'),(42,98,NULL,''),(43,98,NULL,'DES'),(47,98,NULL,'161'),(48,98,NULL,'161'),(49,98,NULL,'161'),(40,99,NULL,'161'),(41,99,NULL,'MD5'),(42,99,NULL,''),(43,99,NULL,'DES'),(47,99,NULL,'161'),(48,99,NULL,'161'),(49,99,NULL,'161'),(40,100,NULL,'161'),(41,100,NULL,'MD5'),(42,100,NULL,''),(43,100,NULL,'DES'),(47,100,NULL,'161'),(48,100,NULL,'161'),(49,100,NULL,'161'),(6,101,'','.1.3.6.1.2.1.25.1.6.0'),(5,101,NULL,'2'),(4,101,NULL,''),(3,101,NULL,''),(2,101,NULL,'public'),(1,101,NULL,'127.0.0.1'),(40,101,NULL,'161'),(41,101,NULL,'MD5'),(42,101,NULL,''),(43,101,NULL,'DES'),(47,101,NULL,'161'),(48,101,NULL,'161'),(49,101,NULL,'161'),(6,102,'','.1.3.6.1.2.1.6.5.0'),(5,102,NULL,'2'),(4,102,NULL,''),(1,102,NULL,'127.0.0.1'),(2,102,NULL,'public'),(3,102,NULL,''),(6,103,'','.1.3.6.1.2.1.6.7.0'),(5,103,NULL,'2'),(4,103,NULL,''),(3,103,NULL,''),(2,103,NULL,'public'),(1,103,NULL,'127.0.0.1'),(6,104,'','.1.3.6.1.2.1.6.8.0'),(5,104,NULL,'2'),(4,104,NULL,''),(3,104,NULL,''),(2,104,NULL,'public'),(1,104,NULL,'127.0.0.1'),(5,105,NULL,'2'),(6,105,'','.1.3.6.1.2.1.6.6.0'),(4,105,NULL,''),(3,105,NULL,''),(2,105,NULL,'public'),(1,105,NULL,'127.0.0.1'),(40,102,NULL,'161'),(41,102,NULL,'MD5'),(42,102,NULL,''),(43,102,NULL,'DES'),(47,102,NULL,'161'),(48,102,NULL,'161'),(49,102,NULL,'161'),(40,103,NULL,'161'),(41,103,NULL,'MD5'),(42,103,NULL,''),(43,103,NULL,'DES'),(47,103,NULL,'161'),(48,103,NULL,'161'),(49,103,NULL,'161'),(40,104,NULL,'161'),(41,104,NULL,'MD5'),(42,104,NULL,''),(43,104,NULL,'DES'),(47,104,NULL,'161'),(48,104,NULL,'161'),(49,104,NULL,'161'),(40,105,NULL,'161'),(41,105,NULL,'MD5'),(42,105,NULL,''),(43,105,NULL,'DES'),(47,105,NULL,'161'),(48,105,NULL,'161'),(49,105,NULL,'161'),(6,106,'','.1.3.6.1.2.1.6.9.0'),(5,106,NULL,'2'),(4,106,NULL,''),(3,106,NULL,''),(2,106,NULL,'public'),(1,106,NULL,'127.0.0.1'),(40,106,NULL,'161'),(41,106,NULL,'MD5'),(42,106,NULL,''),(43,106,NULL,'DES'),(47,106,NULL,'161'),(48,106,NULL,'161'),(49,106,NULL,'161'),(6,107,'','.1.3.6.1.2.1.25.1.1.0'),(5,107,NULL,'2'),(4,107,NULL,''),(3,107,NULL,''),(2,107,NULL,'public'),(1,107,NULL,'127.0.0.1'),(6,108,'','.1.3.6.1.2.1.1.3.0'),(5,108,NULL,'2'),(4,108,NULL,''),(3,108,NULL,''),(2,108,NULL,'public'),(1,108,NULL,'127.0.0.1'),(40,107,NULL,'161'),(41,107,NULL,'MD5'),(42,107,NULL,''),(43,107,NULL,'DES'),(47,107,NULL,'161'),(48,107,NULL,'161'),(49,107,NULL,'161'),(40,108,NULL,'161'),(41,108,NULL,'MD5'),(42,108,NULL,''),(43,108,NULL,'DES'),(47,108,NULL,'161'),(48,108,NULL,'161'),(49,108,NULL,'161'),(6,109,'','.1.3.6.1.2.1.25.1.5.0'),(5,109,NULL,'2'),(4,109,NULL,''),(3,109,NULL,''),(2,109,NULL,'public'),(1,109,NULL,'127.0.0.1'),(40,109,NULL,'161'),(41,109,NULL,'MD5'),(42,109,NULL,''),(43,109,NULL,'DES'),(47,109,NULL,'161'),(48,109,NULL,'161'),(49,109,NULL,'161'),(37,110,'','18'),(36,110,'','Physical memory'),(35,110,'','hrStorageDescr'),(37,111,'','18'),(36,111,'','Virtual memory'),(35,111,'','hrStorageDescr'),(37,112,'','18'),(36,112,'','Swap space'),(35,112,'','hrStorageDescr'),(37,113,'','18'),(36,113,'','/'),(35,113,'','hrStorageDescr'),(14,114,'','14'),(13,114,'','eth0'),(12,114,'','ifDescr'),(11,114,NULL,'2'),(10,114,NULL,''),(9,114,NULL,''),(8,114,NULL,'public'),(7,114,NULL,'127.0.0.1'),(39,114,NULL,'161'),(44,114,NULL,'MD5'),(45,114,NULL,''),(46,114,NULL,'DES'),(50,114,NULL,'161'),(49,115,NULL,'161'),(48,115,NULL,'161'),(43,115,NULL,''),(42,115,NULL,''),(41,115,NULL,''),(40,115,NULL,'161'),(6,115,'','.1.3.6.1.4.1.2021.11.53.0'),(5,115,NULL,'2'),(4,115,NULL,''),(3,115,NULL,''),(2,115,NULL,'public'),(1,115,NULL,'127.0.0.1'),(1,116,NULL,'127.0.0.1'),(5,116,NULL,'2'),(4,116,NULL,''),(3,116,NULL,''),(2,116,NULL,'public'),(6,116,'','.1.3.6.1.4.1.2021.11.51.0'),(1,117,NULL,'127.0.0.1'),(2,117,NULL,'public'),(3,117,NULL,''),(4,117,NULL,''),(5,117,NULL,'2'),(6,117,'','.1.3.6.1.4.1.2021.11.52.0'),(1,118,NULL,'127.0.0.1'),(2,118,NULL,'public'),(3,118,NULL,''),(4,118,NULL,''),(5,118,NULL,'2'),(6,118,'','.1.3.6.1.4.1.2021.11.50.0'),(47,115,NULL,'161'),(40,116,NULL,'161'),(41,116,NULL,''),(42,116,NULL,''),(43,116,NULL,''),(47,116,NULL,'161'),(48,116,NULL,'161'),(49,116,NULL,'161'),(40,117,NULL,'161'),(41,117,NULL,''),(42,117,NULL,''),(43,117,NULL,''),(47,117,NULL,'161'),(48,117,NULL,'161'),(49,117,NULL,'161'),(40,118,NULL,'161'),(41,118,NULL,''),(42,118,NULL,''),(43,118,NULL,''),(47,118,NULL,'161'),(48,118,NULL,'161'),(49,118,NULL,'161'),(1,119,NULL,'127.0.0.1'),(2,119,NULL,'public'),(3,119,NULL,''),(4,119,NULL,''),(5,119,NULL,'2'),(6,119,'','.1.3.6.1.4.1.2021.10.1.3.3'),(2,120,NULL,'public'),(1,120,NULL,'127.0.0.1'),(3,120,NULL,''),(4,120,NULL,''),(5,120,NULL,'2'),(6,120,'','.1.3.6.1.4.1.2021.10.1.3.1'),(1,121,NULL,'127.0.0.1'),(2,121,NULL,'public'),(3,121,NULL,''),(4,121,NULL,''),(5,121,NULL,'2'),(6,121,'','.1.3.6.1.4.1.2021.10.1.3.2'),(40,119,NULL,'161'),(41,119,NULL,''),(42,119,NULL,''),(43,119,NULL,''),(47,119,NULL,'161'),(48,119,NULL,'161'),(49,119,NULL,'161'),(40,120,NULL,'161'),(41,120,NULL,''),(42,120,NULL,''),(43,120,NULL,''),(47,120,NULL,'161'),(48,120,NULL,'161'),(49,120,NULL,'161'),(40,121,NULL,'161'),(41,121,NULL,''),(42,121,NULL,''),(43,121,NULL,''),(47,121,NULL,'161'),(48,121,NULL,'161'),(49,121,NULL,'161'),(1,122,NULL,'127.0.0.1'),(2,122,NULL,'public'),(5,122,NULL,'2'),(4,122,NULL,''),(3,122,NULL,''),(6,122,'','.1.3.6.1.4.1.2021.4.6.0'),(4,123,NULL,''),(5,123,NULL,'2'),(6,123,'','.1.3.6.1.4.1.2021.4.14.0'),(1,123,NULL,'127.0.0.1'),(2,123,NULL,'public'),(3,123,NULL,''),(1,124,NULL,'127.0.0.1'),(2,124,NULL,'public'),(3,124,NULL,''),(4,124,NULL,''),(5,124,NULL,'2'),(6,124,'','.1.3.6.1.4.1.2021.4.15.0'),(1,125,NULL,'127.0.0.1'),(2,125,NULL,'public'),(3,125,NULL,''),(5,125,NULL,'2'),(4,125,NULL,''),(6,125,'','.1.3.6.1.4.1.2021.4.13.0'),(1,126,NULL,'127.0.0.1'),(6,126,'','.1.3.6.1.4.1.2021.4.5.0'),(5,126,NULL,'2'),(4,126,NULL,''),(3,126,NULL,''),(2,126,NULL,'public'),(40,122,NULL,'161'),(41,122,NULL,''),(42,122,NULL,''),(43,122,NULL,''),(47,122,NULL,'161'),(48,122,NULL,'161'),(49,122,NULL,'161'),(40,123,NULL,'161'),(41,123,NULL,''),(42,123,NULL,''),(43,123,NULL,''),(47,123,NULL,'161'),(48,123,NULL,'161'),(49,123,NULL,'161'),(40,124,NULL,'161'),(41,124,NULL,''),(42,124,NULL,''),(43,124,NULL,''),(47,124,NULL,'161'),(48,124,NULL,'161'),(49,124,NULL,'161'),(40,125,NULL,'161'),(41,125,NULL,''),(42,125,NULL,''),(43,125,NULL,''),(47,125,NULL,'161'),(48,125,NULL,'161'),(49,125,NULL,'161'),(40,126,NULL,'161'),(41,126,NULL,''),(42,126,NULL,''),(43,126,NULL,''),(47,126,NULL,'161'),(48,126,NULL,'161'),(49,126,NULL,'161'),(6,127,'','.1.3.6.1.2.1.25.1.6.0'),(5,127,NULL,'2'),(4,127,NULL,''),(3,127,NULL,''),(2,127,NULL,'public'),(1,127,NULL,'127.0.0.1'),(40,127,NULL,'161'),(41,127,NULL,''),(42,127,NULL,''),(43,127,NULL,''),(47,127,NULL,'161'),(48,127,NULL,'161'),(49,127,NULL,'161'),(6,128,'','.1.3.6.1.2.1.6.5.0'),(5,128,NULL,'2'),(4,128,NULL,''),(1,128,NULL,'127.0.0.1'),(2,128,NULL,'public'),(3,128,NULL,''),(6,129,'','.1.3.6.1.2.1.6.7.0'),(5,129,NULL,'2'),(4,129,NULL,''),(3,129,NULL,''),(2,129,NULL,'public'),(1,129,NULL,'127.0.0.1'),(6,130,'','.1.3.6.1.2.1.6.8.0'),(5,130,NULL,'2'),(4,130,NULL,''),(3,130,NULL,''),(2,130,NULL,'public'),(1,130,NULL,'127.0.0.1'),(5,131,NULL,'2'),(6,131,'','.1.3.6.1.2.1.6.6.0'),(4,131,NULL,''),(3,131,NULL,''),(2,131,NULL,'public'),(1,131,NULL,'127.0.0.1'),(40,128,NULL,'161'),(41,128,NULL,''),(42,128,NULL,''),(43,128,NULL,''),(47,128,NULL,'161'),(48,128,NULL,'161'),(49,128,NULL,'161'),(40,129,NULL,'161'),(41,129,NULL,''),(42,129,NULL,''),(43,129,NULL,''),(47,129,NULL,'161'),(48,129,NULL,'161'),(49,129,NULL,'161'),(40,130,NULL,'161'),(41,130,NULL,''),(42,130,NULL,''),(43,130,NULL,''),(47,130,NULL,'161'),(48,130,NULL,'161'),(49,130,NULL,'161'),(40,131,NULL,'161'),(41,131,NULL,''),(42,131,NULL,''),(43,131,NULL,''),(47,131,NULL,'161'),(48,131,NULL,'161'),(49,131,NULL,'161'),(6,132,'','.1.3.6.1.2.1.6.9.0'),(5,132,NULL,'2'),(4,132,NULL,''),(3,132,NULL,''),(2,132,NULL,'public'),(1,132,NULL,'127.0.0.1'),(40,132,NULL,'161'),(41,132,NULL,''),(42,132,NULL,''),(43,132,NULL,''),(47,132,NULL,'161'),(48,132,NULL,'161'),(49,132,NULL,'161'),(6,133,'','.1.3.6.1.2.1.25.1.1.0'),(5,133,NULL,'2'),(4,133,NULL,''),(3,133,NULL,''),(2,133,NULL,'public'),(1,133,NULL,'127.0.0.1'),(6,134,'','.1.3.6.1.2.1.1.3.0'),(5,134,NULL,'2'),(4,134,NULL,''),(3,134,NULL,''),(2,134,NULL,'public'),(1,134,NULL,'127.0.0.1'),(40,133,NULL,'161'),(41,133,NULL,''),(42,133,NULL,''),(43,133,NULL,''),(47,133,NULL,'161'),(48,133,NULL,'161'),(49,133,NULL,'161'),(40,134,NULL,'161'),(41,134,NULL,''),(42,134,NULL,''),(43,134,NULL,''),(47,134,NULL,'161'),(48,134,NULL,'161'),(49,134,NULL,'161'),(6,135,'','.1.3.6.1.2.1.25.1.5.0'),(5,135,NULL,'2'),(4,135,NULL,''),(3,135,NULL,''),(2,135,NULL,'public'),(1,135,NULL,'127.0.0.1'),(40,135,NULL,'161'),(41,135,NULL,''),(42,135,NULL,''),(43,135,NULL,''),(47,135,NULL,'161'),(48,135,NULL,'161'),(49,135,NULL,'161'),(14,136,'','13'),(13,136,'','lo'),(12,136,'','ifDescr'),(11,136,NULL,'2'),(10,136,NULL,''),(9,136,NULL,''),(8,136,NULL,'public'),(7,136,NULL,'127.0.0.1'),(39,136,NULL,'161'),(44,136,NULL,''),(45,136,NULL,''),(46,136,NULL,''),(50,136,NULL,'161'),(14,137,'','13'),(13,137,'','eth0'),(12,137,'','ifDescr'),(11,137,NULL,'2'),(10,137,NULL,''),(9,137,NULL,''),(8,137,NULL,'public'),(7,137,NULL,'127.0.0.1'),(39,137,NULL,'161'),(44,137,NULL,''),(45,137,NULL,''),(46,137,NULL,''),(50,137,NULL,'161'),(49,138,NULL,'161'),(48,138,NULL,'161'),(43,138,NULL,''),(42,138,NULL,''),(41,138,NULL,''),(40,138,NULL,'161'),(6,138,'','.1.3.6.1.4.1.2021.11.53.0'),(5,138,NULL,'2'),(4,138,NULL,''),(3,138,NULL,''),(2,138,NULL,'public'),(1,138,NULL,'127.0.0.1'),(1,139,NULL,'127.0.0.1'),(5,139,NULL,'2'),(4,139,NULL,''),(3,139,NULL,''),(2,139,NULL,'public'),(6,139,'','.1.3.6.1.4.1.2021.11.51.0'),(1,140,NULL,'127.0.0.1'),(2,140,NULL,'public'),(3,140,NULL,''),(4,140,NULL,''),(5,140,NULL,'2'),(6,140,'','.1.3.6.1.4.1.2021.11.52.0'),(1,141,NULL,'127.0.0.1'),(2,141,NULL,'public'),(3,141,NULL,''),(4,141,NULL,''),(5,141,NULL,'2'),(6,141,'','.1.3.6.1.4.1.2021.11.50.0'),(47,138,NULL,'161'),(40,139,NULL,'161'),(41,139,NULL,''),(42,139,NULL,''),(43,139,NULL,''),(47,139,NULL,'161'),(48,139,NULL,'161'),(49,139,NULL,'161'),(40,140,NULL,'161'),(41,140,NULL,''),(42,140,NULL,''),(43,140,NULL,''),(47,140,NULL,'161'),(48,140,NULL,'161'),(49,140,NULL,'161'),(40,141,NULL,'161'),(41,141,NULL,''),(42,141,NULL,''),(43,141,NULL,''),(47,141,NULL,'161'),(48,141,NULL,'161'),(49,141,NULL,'161'),(1,142,NULL,'127.0.0.1'),(2,142,NULL,'public'),(3,142,NULL,''),(4,142,NULL,''),(5,142,NULL,'2'),(6,142,'','.1.3.6.1.4.1.2021.10.1.3.3'),(2,143,NULL,'public'),(1,143,NULL,'127.0.0.1'),(3,143,NULL,''),(4,143,NULL,''),(5,143,NULL,'2'),(6,143,'','.1.3.6.1.4.1.2021.10.1.3.1'),(1,144,NULL,'127.0.0.1'),(2,144,NULL,'public'),(3,144,NULL,''),(4,144,NULL,''),(5,144,NULL,'2'),(6,144,'','.1.3.6.1.4.1.2021.10.1.3.2'),(40,142,NULL,'161'),(41,142,NULL,''),(42,142,NULL,''),(43,142,NULL,''),(47,142,NULL,'161'),(48,142,NULL,'161'),(49,142,NULL,'161'),(40,143,NULL,'161'),(41,143,NULL,''),(42,143,NULL,''),(43,143,NULL,''),(47,143,NULL,'161'),(48,143,NULL,'161'),(49,143,NULL,'161'),(40,144,NULL,'161'),(41,144,NULL,''),(42,144,NULL,''),(43,144,NULL,''),(47,144,NULL,'161'),(48,144,NULL,'161'),(49,144,NULL,'161'),(1,145,NULL,'127.0.0.1'),(2,145,NULL,'public'),(5,145,NULL,'2'),(4,145,NULL,''),(3,145,NULL,''),(6,145,'','.1.3.6.1.4.1.2021.4.6.0'),(4,146,NULL,''),(5,146,NULL,'2'),(6,146,'','.1.3.6.1.4.1.2021.4.14.0'),(1,146,NULL,'127.0.0.1'),(2,146,NULL,'public'),(3,146,NULL,''),(1,147,NULL,'127.0.0.1'),(2,147,NULL,'public'),(3,147,NULL,''),(4,147,NULL,''),(5,147,NULL,'2'),(6,147,'','.1.3.6.1.4.1.2021.4.15.0'),(1,148,NULL,'127.0.0.1'),(2,148,NULL,'public'),(3,148,NULL,''),(5,148,NULL,'2'),(4,148,NULL,''),(6,148,'','.1.3.6.1.4.1.2021.4.13.0'),(1,149,NULL,'127.0.0.1'),(6,149,'','.1.3.6.1.4.1.2021.4.5.0'),(5,149,NULL,'2'),(4,149,NULL,''),(3,149,NULL,''),(2,149,NULL,'public'),(40,145,NULL,'161'),(41,145,NULL,''),(42,145,NULL,''),(43,145,NULL,''),(47,145,NULL,'161'),(48,145,NULL,'161'),(49,145,NULL,'161'),(40,146,NULL,'161'),(41,146,NULL,''),(42,146,NULL,''),(43,146,NULL,''),(47,146,NULL,'161'),(48,146,NULL,'161'),(49,146,NULL,'161'),(40,147,NULL,'161'),(41,147,NULL,''),(42,147,NULL,''),(43,147,NULL,''),(47,147,NULL,'161'),(48,147,NULL,'161'),(49,147,NULL,'161'),(40,148,NULL,'161'),(41,148,NULL,''),(42,148,NULL,''),(43,148,NULL,''),(47,148,NULL,'161'),(48,148,NULL,'161'),(49,148,NULL,'161'),(40,149,NULL,'161'),(41,149,NULL,''),(42,149,NULL,''),(43,149,NULL,''),(47,149,NULL,'161'),(48,149,NULL,'161'),(49,149,NULL,'161'),(6,150,'','.1.3.6.1.2.1.25.1.6.0'),(5,150,NULL,'2'),(4,150,NULL,''),(3,150,NULL,''),(2,150,NULL,'public'),(1,150,NULL,'127.0.0.1'),(40,150,NULL,'161'),(41,150,NULL,''),(42,150,NULL,''),(43,150,NULL,''),(47,150,NULL,'161'),(48,150,NULL,'161'),(49,150,NULL,'161'),(6,151,'','.1.3.6.1.2.1.6.5.0'),(5,151,NULL,'2'),(4,151,NULL,''),(1,151,NULL,'127.0.0.1'),(2,151,NULL,'public'),(3,151,NULL,''),(6,152,'','.1.3.6.1.2.1.6.7.0'),(5,152,NULL,'2'),(4,152,NULL,''),(3,152,NULL,''),(2,152,NULL,'public'),(1,152,NULL,'127.0.0.1'),(6,153,'','.1.3.6.1.2.1.6.8.0'),(5,153,NULL,'2'),(4,153,NULL,''),(3,153,NULL,''),(2,153,NULL,'public'),(1,153,NULL,'127.0.0.1'),(5,154,NULL,'2'),(6,154,'','.1.3.6.1.2.1.6.6.0'),(4,154,NULL,''),(3,154,NULL,''),(2,154,NULL,'public'),(1,154,NULL,'127.0.0.1'),(40,151,NULL,'161'),(41,151,NULL,''),(42,151,NULL,''),(43,151,NULL,''),(47,151,NULL,'161'),(48,151,NULL,'161'),(49,151,NULL,'161'),(40,152,NULL,'161'),(41,152,NULL,''),(42,152,NULL,''),(43,152,NULL,''),(47,152,NULL,'161'),(48,152,NULL,'161'),(49,152,NULL,'161'),(40,153,NULL,'161'),(41,153,NULL,''),(42,153,NULL,''),(43,153,NULL,''),(47,153,NULL,'161'),(48,153,NULL,'161'),(49,153,NULL,'161'),(40,154,NULL,'161'),(41,154,NULL,''),(42,154,NULL,''),(43,154,NULL,''),(47,154,NULL,'161'),(48,154,NULL,'161'),(49,154,NULL,'161'),(6,155,'','.1.3.6.1.2.1.6.9.0'),(5,155,NULL,'2'),(4,155,NULL,''),(3,155,NULL,''),(2,155,NULL,'public'),(1,155,NULL,'127.0.0.1'),(40,155,NULL,'161'),(41,155,NULL,''),(42,155,NULL,''),(43,155,NULL,''),(47,155,NULL,'161'),(48,155,NULL,'161'),(49,155,NULL,'161'),(6,156,'','.1.3.6.1.2.1.25.1.1.0'),(5,156,NULL,'2'),(4,156,NULL,''),(3,156,NULL,''),(2,156,NULL,'public'),(1,156,NULL,'127.0.0.1'),(6,157,'','.1.3.6.1.2.1.1.3.0'),(5,157,NULL,'2'),(4,157,NULL,''),(3,157,NULL,''),(2,157,NULL,'public'),(1,157,NULL,'127.0.0.1'),(40,156,NULL,'161'),(41,156,NULL,''),(42,156,NULL,''),(43,156,NULL,''),(47,156,NULL,'161'),(48,156,NULL,'161'),(49,156,NULL,'161'),(40,157,NULL,'161'),(41,157,NULL,''),(42,157,NULL,''),(43,157,NULL,''),(47,157,NULL,'161'),(48,157,NULL,'161'),(49,157,NULL,'161'),(6,158,'','.1.3.6.1.2.1.25.1.5.0'),(5,158,NULL,'2'),(4,158,NULL,''),(3,158,NULL,''),(2,158,NULL,'public'),(1,158,NULL,'127.0.0.1'),(40,158,NULL,'161'),(41,158,NULL,''),(42,158,NULL,''),(43,158,NULL,''),(47,158,NULL,'161'),(48,158,NULL,'161'),(49,158,NULL,'161'),(14,159,'','13'),(13,159,'','eth0'),(12,159,'','ifDescr'),(11,159,NULL,'2'),(10,159,NULL,''),(9,159,NULL,''),(8,159,NULL,'public'),(7,159,NULL,'127.0.0.1'),(39,159,NULL,'161'),(44,159,NULL,''),(45,159,NULL,''),(46,159,NULL,''),(50,159,NULL,'161'),(22,160,'','MemFree:'),(22,161,'','SwapFree:'),(14,162,'','13'),(13,162,'','eth0'),(12,162,'','ifDescr'),(11,162,NULL,'2'),(10,162,NULL,''),(9,162,NULL,''),(8,162,NULL,'public'),(7,162,NULL,'127.0.0.1'),(39,162,NULL,'161'),(44,162,NULL,''),(45,162,NULL,''),(46,162,NULL,''),(50,162,NULL,'161'),(49,163,NULL,'161'),(48,163,NULL,'161'),(43,163,NULL,''),(42,163,NULL,''),(41,163,NULL,''),(40,163,NULL,'161'),(6,163,'','.1.3.6.1.4.1.2021.11.53.0'),(5,163,NULL,'2'),(4,163,NULL,''),(3,163,NULL,''),(2,163,NULL,'public'),(1,163,NULL,'127.0.0.1'),(1,164,NULL,'127.0.0.1'),(5,164,NULL,'2'),(4,164,NULL,''),(3,164,NULL,''),(2,164,NULL,'public'),(6,164,'','.1.3.6.1.4.1.2021.11.51.0'),(1,165,NULL,'127.0.0.1'),(2,165,NULL,'public'),(3,165,NULL,''),(4,165,NULL,''),(5,165,NULL,'2'),(6,165,'','.1.3.6.1.4.1.2021.11.52.0'),(1,166,NULL,'127.0.0.1'),(2,166,NULL,'public'),(3,166,NULL,''),(4,166,NULL,''),(5,166,NULL,'2'),(6,166,'','.1.3.6.1.4.1.2021.11.50.0'),(47,163,NULL,'161'),(40,164,NULL,'161'),(41,164,NULL,''),(42,164,NULL,''),(43,164,NULL,''),(47,164,NULL,'161'),(48,164,NULL,'161'),(49,164,NULL,'161'),(40,165,NULL,'161'),(41,165,NULL,''),(42,165,NULL,''),(43,165,NULL,''),(47,165,NULL,'161'),(48,165,NULL,'161'),(49,165,NULL,'161'),(40,166,NULL,'161'),(41,166,NULL,''),(42,166,NULL,''),(43,166,NULL,''),(47,166,NULL,'161'),(48,166,NULL,'161'),(49,166,NULL,'161'),(1,167,NULL,'127.0.0.1'),(2,167,NULL,'public'),(3,167,NULL,''),(4,167,NULL,''),(5,167,NULL,'2'),(6,167,'','.1.3.6.1.4.1.2021.10.1.3.3'),(2,168,NULL,'public'),(1,168,NULL,'127.0.0.1'),(3,168,NULL,''),(4,168,NULL,''),(5,168,NULL,'2'),(6,168,'','.1.3.6.1.4.1.2021.10.1.3.1'),(1,169,NULL,'127.0.0.1'),(2,169,NULL,'public'),(3,169,NULL,''),(4,169,NULL,''),(5,169,NULL,'2'),(6,169,'','.1.3.6.1.4.1.2021.10.1.3.2'),(40,167,NULL,'161'),(41,167,NULL,''),(42,167,NULL,''),(43,167,NULL,''),(47,167,NULL,'161'),(48,167,NULL,'161'),(49,167,NULL,'161'),(40,168,NULL,'161'),(41,168,NULL,''),(42,168,NULL,''),(43,168,NULL,''),(47,168,NULL,'161'),(48,168,NULL,'161'),(49,168,NULL,'161'),(40,169,NULL,'161'),(41,169,NULL,''),(42,169,NULL,''),(43,169,NULL,''),(47,169,NULL,'161'),(48,169,NULL,'161'),(49,169,NULL,'161'),(1,170,NULL,'127.0.0.1'),(2,170,NULL,'public'),(5,170,NULL,'2'),(4,170,NULL,''),(3,170,NULL,''),(6,170,'','.1.3.6.1.4.1.2021.4.6.0'),(4,171,NULL,''),(5,171,NULL,'2'),(6,171,'','.1.3.6.1.4.1.2021.4.14.0'),(1,171,NULL,'127.0.0.1'),(2,171,NULL,'public'),(3,171,NULL,''),(1,172,NULL,'127.0.0.1'),(2,172,NULL,'public'),(3,172,NULL,''),(4,172,NULL,''),(5,172,NULL,'2'),(6,172,'','.1.3.6.1.4.1.2021.4.15.0'),(1,173,NULL,'127.0.0.1'),(2,173,NULL,'public'),(3,173,NULL,''),(5,173,NULL,'2'),(4,173,NULL,''),(6,173,'','.1.3.6.1.4.1.2021.4.13.0'),(1,174,NULL,'127.0.0.1'),(6,174,'','.1.3.6.1.4.1.2021.4.5.0'),(5,174,NULL,'2'),(4,174,NULL,''),(3,174,NULL,''),(2,174,NULL,'public'),(40,170,NULL,'161'),(41,170,NULL,''),(42,170,NULL,''),(43,170,NULL,''),(47,170,NULL,'161'),(48,170,NULL,'161'),(49,170,NULL,'161'),(40,171,NULL,'161'),(41,171,NULL,''),(42,171,NULL,''),(43,171,NULL,''),(47,171,NULL,'161'),(48,171,NULL,'161'),(49,171,NULL,'161'),(40,172,NULL,'161'),(41,172,NULL,''),(42,172,NULL,''),(43,172,NULL,''),(47,172,NULL,'161'),(48,172,NULL,'161'),(49,172,NULL,'161'),(40,173,NULL,'161'),(41,173,NULL,''),(42,173,NULL,''),(43,173,NULL,''),(47,173,NULL,'161'),(48,173,NULL,'161'),(49,173,NULL,'161'),(40,174,NULL,'161'),(41,174,NULL,''),(42,174,NULL,''),(43,174,NULL,''),(47,174,NULL,'161'),(48,174,NULL,'161'),(49,174,NULL,'161'),(6,175,'','.1.3.6.1.2.1.25.1.6.0'),(5,175,NULL,'2'),(4,175,NULL,''),(3,175,NULL,''),(2,175,NULL,'public'),(1,175,NULL,'127.0.0.1'),(40,175,NULL,'161'),(41,175,NULL,''),(42,175,NULL,''),(43,175,NULL,''),(47,175,NULL,'161'),(48,175,NULL,'161'),(49,175,NULL,'161'),(6,176,'','.1.3.6.1.2.1.6.5.0'),(5,176,NULL,'2'),(4,176,NULL,''),(1,176,NULL,'127.0.0.1'),(2,176,NULL,'public'),(3,176,NULL,''),(6,177,'','.1.3.6.1.2.1.6.7.0'),(5,177,NULL,'2'),(4,177,NULL,''),(3,177,NULL,''),(2,177,NULL,'public'),(1,177,NULL,'127.0.0.1'),(6,178,'','.1.3.6.1.2.1.6.8.0'),(5,178,NULL,'2'),(4,178,NULL,''),(3,178,NULL,''),(2,178,NULL,'public'),(1,178,NULL,'127.0.0.1'),(5,179,NULL,'2'),(6,179,'','.1.3.6.1.2.1.6.6.0'),(4,179,NULL,''),(3,179,NULL,''),(2,179,NULL,'public'),(1,179,NULL,'127.0.0.1'),(40,176,NULL,'161'),(41,176,NULL,''),(42,176,NULL,''),(43,176,NULL,''),(47,176,NULL,'161'),(48,176,NULL,'161'),(49,176,NULL,'161'),(40,177,NULL,'161'),(41,177,NULL,''),(42,177,NULL,''),(43,177,NULL,''),(47,177,NULL,'161'),(48,177,NULL,'161'),(49,177,NULL,'161'),(40,178,NULL,'161'),(41,178,NULL,''),(42,178,NULL,''),(43,178,NULL,''),(47,178,NULL,'161'),(48,178,NULL,'161'),(49,178,NULL,'161'),(40,179,NULL,'161'),(41,179,NULL,''),(42,179,NULL,''),(43,179,NULL,''),(47,179,NULL,'161'),(48,179,NULL,'161'),(49,179,NULL,'161'),(6,180,'','.1.3.6.1.2.1.6.9.0'),(5,180,NULL,'2'),(4,180,NULL,''),(3,180,NULL,''),(2,180,NULL,'public'),(1,180,NULL,'127.0.0.1'),(40,180,NULL,'161'),(41,180,NULL,''),(42,180,NULL,''),(43,180,NULL,''),(47,180,NULL,'161'),(48,180,NULL,'161'),(49,180,NULL,'161'),(6,181,'','.1.3.6.1.2.1.25.1.1.0'),(5,181,NULL,'2'),(4,181,NULL,''),(3,181,NULL,''),(2,181,NULL,'public'),(1,181,NULL,'127.0.0.1'),(6,182,'','.1.3.6.1.2.1.1.3.0'),(5,182,NULL,'2'),(4,182,NULL,''),(3,182,NULL,''),(2,182,NULL,'public'),(1,182,NULL,'127.0.0.1'),(40,181,NULL,'161'),(41,181,NULL,''),(42,181,NULL,''),(43,181,NULL,''),(47,181,NULL,'161'),(48,181,NULL,'161'),(49,181,NULL,'161'),(40,182,NULL,'161'),(41,182,NULL,''),(42,182,NULL,''),(43,182,NULL,''),(47,182,NULL,'161'),(48,182,NULL,'161'),(49,182,NULL,'161'),(6,183,'','.1.3.6.1.2.1.25.1.5.0'),(5,183,NULL,'2'),(4,183,NULL,''),(3,183,NULL,''),(2,183,NULL,'public'),(1,183,NULL,'127.0.0.1'),(40,183,NULL,'161'),(41,183,NULL,''),(42,183,NULL,''),(43,183,NULL,''),(47,183,NULL,'161'),(48,183,NULL,'161'),(49,183,NULL,'161'),(14,184,'','13'),(13,184,'','eth0'),(12,184,'','ifDescr'),(11,184,NULL,'2'),(10,184,NULL,''),(9,184,NULL,''),(8,184,NULL,'public'),(7,184,NULL,'127.0.0.1'),(39,184,NULL,'161'),(44,184,NULL,''),(45,184,NULL,''),(46,184,NULL,''),(50,184,NULL,'161'),(14,185,'','14'),(13,185,'','eth0'),(12,185,'','ifDescr'),(11,185,NULL,'2'),(10,185,NULL,''),(9,185,NULL,''),(8,185,NULL,'public'),(7,185,NULL,'127.0.0.1'),(39,185,NULL,'161'),(44,185,NULL,''),(45,185,NULL,''),(46,185,NULL,''),(50,185,NULL,'161'),(22,186,'','MemFree:'),(22,187,'','SwapFree:'),(37,188,'','18'),(36,188,'','/'),(35,188,'','hrStorageDescr'),(14,189,'','13'),(13,189,'','eth0'),(12,189,'','ifDescr'),(11,189,NULL,'2'),(10,189,NULL,''),(9,189,NULL,''),(8,189,NULL,'public'),(7,189,NULL,'127.0.0.1'),(39,189,NULL,'161'),(44,189,NULL,''),(45,189,NULL,''),(46,189,NULL,''),(50,189,NULL,'161'),(33,190,'','15'),(32,190,'','/dev/disk/by-label/DOROOT'),(31,190,'','dskDevice'),(22,191,'','MemFree:'),(22,192,'','SwapFree:'),(1,193,NULL,'127.0.0.1'),(2,193,NULL,'public'),(5,193,NULL,'2'),(4,193,NULL,''),(3,193,NULL,''),(6,193,'','.1.3.6.1.4.1.2021.4.6.0'),(4,194,NULL,''),(5,194,NULL,'2'),(6,194,'','.1.3.6.1.4.1.2021.4.14.0'),(1,194,NULL,'127.0.0.1'),(2,194,NULL,'public'),(3,194,NULL,''),(1,195,NULL,'127.0.0.1'),(2,195,NULL,'public'),(3,195,NULL,''),(4,195,NULL,''),(5,195,NULL,'2'),(6,195,'','.1.3.6.1.4.1.2021.4.15.0'),(1,196,NULL,'127.0.0.1'),(2,196,NULL,'public'),(3,196,NULL,''),(5,196,NULL,'2'),(4,196,NULL,''),(6,196,'','.1.3.6.1.4.1.2021.4.13.0'),(1,197,NULL,'127.0.0.1'),(6,197,'','.1.3.6.1.4.1.2021.4.5.0'),(5,197,NULL,'2'),(4,197,NULL,''),(3,197,NULL,''),(2,197,NULL,'public'),(40,193,NULL,'161'),(41,193,NULL,''),(42,193,NULL,''),(43,193,NULL,''),(47,193,NULL,'161'),(48,193,NULL,'161'),(49,193,NULL,'161'),(40,194,NULL,'161'),(41,194,NULL,''),(42,194,NULL,''),(43,194,NULL,''),(47,194,NULL,'161'),(48,194,NULL,'161'),(49,194,NULL,'161'),(40,195,NULL,'161'),(41,195,NULL,''),(42,195,NULL,''),(43,195,NULL,''),(47,195,NULL,'161'),(48,195,NULL,'161'),(49,195,NULL,'161'),(40,196,NULL,'161'),(41,196,NULL,''),(42,196,NULL,''),(43,196,NULL,''),(47,196,NULL,'161'),(48,196,NULL,'161'),(49,196,NULL,'161'),(40,197,NULL,'161'),(41,197,NULL,''),(42,197,NULL,''),(43,197,NULL,''),(47,197,NULL,'161'),(48,197,NULL,'161'),(49,197,NULL,'161'),(6,198,'','.1.3.6.1.2.1.25.1.6.0'),(5,198,NULL,'2'),(4,198,NULL,''),(3,198,NULL,''),(2,198,NULL,'public'),(1,198,NULL,'127.0.0.1'),(40,198,NULL,'161'),(41,198,NULL,''),(42,198,NULL,''),(43,198,NULL,''),(47,198,NULL,'161'),(48,198,NULL,'161'),(49,198,NULL,'161'),(20,200,'',''),(49,202,NULL,'161'),(48,202,NULL,'161'),(43,202,NULL,''),(42,202,NULL,''),(41,202,NULL,''),(40,202,NULL,'161'),(6,202,'','.1.3.6.1.4.1.2021.11.53.0'),(5,202,NULL,'2'),(4,202,NULL,''),(3,202,NULL,''),(2,202,NULL,'public'),(1,202,NULL,'127.0.0.1'),(1,203,NULL,'127.0.0.1'),(5,203,NULL,'2'),(4,203,NULL,''),(3,203,NULL,''),(2,203,NULL,'public'),(6,203,'','.1.3.6.1.4.1.2021.11.51.0'),(1,204,NULL,'127.0.0.1'),(2,204,NULL,'public'),(3,204,NULL,''),(4,204,NULL,''),(5,204,NULL,'2'),(6,204,'','.1.3.6.1.4.1.2021.11.52.0'),(1,205,NULL,'127.0.0.1'),(2,205,NULL,'public'),(3,205,NULL,''),(4,205,NULL,''),(5,205,NULL,'2'),(6,205,'','.1.3.6.1.4.1.2021.11.50.0'),(47,202,NULL,'161'),(40,203,NULL,'161'),(41,203,NULL,''),(42,203,NULL,''),(43,203,NULL,''),(47,203,NULL,'161'),(48,203,NULL,'161'),(49,203,NULL,'161'),(40,204,NULL,'161'),(41,204,NULL,''),(42,204,NULL,''),(43,204,NULL,''),(47,204,NULL,'161'),(48,204,NULL,'161'),(49,204,NULL,'161'),(40,205,NULL,'161'),(41,205,NULL,''),(42,205,NULL,''),(43,205,NULL,''),(47,205,NULL,'161'),(48,205,NULL,'161'),(49,205,NULL,'161'),(1,206,NULL,'127.0.0.1'),(2,206,NULL,'public'),(3,206,NULL,''),(4,206,NULL,''),(5,206,NULL,'2'),(6,206,'','.1.3.6.1.4.1.2021.10.1.3.3'),(2,207,NULL,'public'),(1,207,NULL,'127.0.0.1'),(3,207,NULL,''),(4,207,NULL,''),(5,207,NULL,'2'),(6,207,'','.1.3.6.1.4.1.2021.10.1.3.1'),(1,208,NULL,'127.0.0.1'),(2,208,NULL,'public'),(3,208,NULL,''),(4,208,NULL,''),(5,208,NULL,'2'),(6,208,'','.1.3.6.1.4.1.2021.10.1.3.2'),(40,206,NULL,'161'),(41,206,NULL,''),(42,206,NULL,''),(43,206,NULL,''),(47,206,NULL,'161'),(48,206,NULL,'161'),(49,206,NULL,'161'),(40,207,NULL,'161'),(41,207,NULL,''),(42,207,NULL,''),(43,207,NULL,''),(47,207,NULL,'161'),(48,207,NULL,'161'),(49,207,NULL,'161'),(40,208,NULL,'161'),(41,208,NULL,''),(42,208,NULL,''),(43,208,NULL,''),(47,208,NULL,'161'),(48,208,NULL,'161'),(49,208,NULL,'161'),(1,209,NULL,'127.0.0.1'),(2,209,NULL,'public'),(5,209,NULL,'2'),(4,209,NULL,''),(3,209,NULL,''),(6,209,'','.1.3.6.1.4.1.2021.4.6.0'),(4,210,NULL,''),(5,210,NULL,'2'),(6,210,'','.1.3.6.1.4.1.2021.4.14.0'),(1,210,NULL,'127.0.0.1'),(2,210,NULL,'public'),(3,210,NULL,''),(1,211,NULL,'127.0.0.1'),(2,211,NULL,'public'),(3,211,NULL,''),(4,211,NULL,''),(5,211,NULL,'2'),(6,211,'','.1.3.6.1.4.1.2021.4.15.0'),(1,212,NULL,'127.0.0.1'),(2,212,NULL,'public'),(3,212,NULL,''),(5,212,NULL,'2'),(4,212,NULL,''),(6,212,'','.1.3.6.1.4.1.2021.4.13.0'),(1,213,NULL,'127.0.0.1'),(6,213,'','.1.3.6.1.4.1.2021.4.5.0'),(5,213,NULL,'2'),(4,213,NULL,''),(3,213,NULL,''),(2,213,NULL,'public'),(40,209,NULL,'161'),(41,209,NULL,''),(42,209,NULL,''),(43,209,NULL,''),(47,209,NULL,'161'),(48,209,NULL,'161'),(49,209,NULL,'161'),(40,210,NULL,'161'),(41,210,NULL,''),(42,210,NULL,''),(43,210,NULL,''),(47,210,NULL,'161'),(48,210,NULL,'161'),(49,210,NULL,'161'),(40,211,NULL,'161'),(41,211,NULL,''),(42,211,NULL,''),(43,211,NULL,''),(47,211,NULL,'161'),(48,211,NULL,'161'),(49,211,NULL,'161'),(40,212,NULL,'161'),(41,212,NULL,''),(42,212,NULL,''),(43,212,NULL,''),(47,212,NULL,'161'),(48,212,NULL,'161'),(49,212,NULL,'161'),(40,213,NULL,'161'),(41,213,NULL,''),(42,213,NULL,''),(43,213,NULL,''),(47,213,NULL,'161'),(48,213,NULL,'161'),(49,213,NULL,'161'),(6,214,'','.1.3.6.1.2.1.25.1.6.0'),(5,214,NULL,'2'),(4,214,NULL,''),(3,214,NULL,''),(2,214,NULL,'public'),(1,214,NULL,'127.0.0.1'),(40,214,NULL,'161'),(41,214,NULL,''),(42,214,NULL,''),(43,214,NULL,''),(47,214,NULL,'161'),(48,214,NULL,'161'),(49,214,NULL,'161'),(6,215,'','.1.3.6.1.2.1.6.5.0'),(5,215,NULL,'2'),(4,215,NULL,''),(1,215,NULL,'127.0.0.1'),(2,215,NULL,'public'),(3,215,NULL,''),(6,216,'','.1.3.6.1.2.1.6.7.0'),(5,216,NULL,'2'),(4,216,NULL,''),(3,216,NULL,''),(2,216,NULL,'public'),(1,216,NULL,'127.0.0.1'),(6,217,'','.1.3.6.1.2.1.6.8.0'),(5,217,NULL,'2'),(4,217,NULL,''),(3,217,NULL,''),(2,217,NULL,'public'),(1,217,NULL,'127.0.0.1'),(5,218,NULL,'2'),(6,218,'','.1.3.6.1.2.1.6.6.0'),(4,218,NULL,''),(3,218,NULL,''),(2,218,NULL,'public'),(1,218,NULL,'127.0.0.1'),(40,215,NULL,'161'),(41,215,NULL,''),(42,215,NULL,''),(43,215,NULL,''),(47,215,NULL,'161'),(48,215,NULL,'161'),(49,215,NULL,'161'),(40,216,NULL,'161'),(41,216,NULL,''),(42,216,NULL,''),(43,216,NULL,''),(47,216,NULL,'161'),(48,216,NULL,'161'),(49,216,NULL,'161'),(40,217,NULL,'161'),(41,217,NULL,''),(42,217,NULL,''),(43,217,NULL,''),(47,217,NULL,'161'),(48,217,NULL,'161'),(49,217,NULL,'161'),(40,218,NULL,'161'),(41,218,NULL,''),(42,218,NULL,''),(43,218,NULL,''),(47,218,NULL,'161'),(48,218,NULL,'161'),(49,218,NULL,'161'),(6,219,'','.1.3.6.1.2.1.6.9.0'),(5,219,NULL,'2'),(4,219,NULL,''),(3,219,NULL,''),(2,219,NULL,'public'),(1,219,NULL,'127.0.0.1'),(40,219,NULL,'161'),(41,219,NULL,''),(42,219,NULL,''),(43,219,NULL,''),(47,219,NULL,'161'),(48,219,NULL,'161'),(49,219,NULL,'161'),(6,220,'','.1.3.6.1.2.1.25.1.1.0'),(5,220,NULL,'2'),(4,220,NULL,''),(3,220,NULL,''),(2,220,NULL,'public'),(1,220,NULL,'127.0.0.1'),(6,221,'','.1.3.6.1.2.1.1.3.0'),(5,221,NULL,'2'),(4,221,NULL,''),(3,221,NULL,''),(2,221,NULL,'public'),(1,221,NULL,'127.0.0.1'),(40,220,NULL,'161'),(41,220,NULL,''),(42,220,NULL,''),(43,220,NULL,''),(47,220,NULL,'161'),(48,220,NULL,'161'),(49,220,NULL,'161'),(40,221,NULL,'161'),(41,221,NULL,''),(42,221,NULL,''),(43,221,NULL,''),(47,221,NULL,'161'),(48,221,NULL,'161'),(49,221,NULL,'161'),(6,222,'','.1.3.6.1.2.1.25.1.5.0'),(5,222,NULL,'2'),(4,222,NULL,''),(3,222,NULL,''),(2,222,NULL,'public'),(1,222,NULL,'127.0.0.1'),(40,222,NULL,'161'),(41,222,NULL,''),(42,222,NULL,''),(43,222,NULL,''),(47,222,NULL,'161'),(48,222,NULL,'161'),(49,222,NULL,'161'),(20,224,'',''),(37,225,'','18'),(36,225,'','Physical memory'),(35,225,'','hrStorageDescr'),(37,226,'','18'),(36,226,'','Virtual memory'),(35,226,'','hrStorageDescr'),(37,227,'','18'),(36,227,'','Memory buffers'),(35,227,'','hrStorageDescr'),(37,228,'','18'),(36,228,'','Cached memory'),(35,228,'','hrStorageDescr'),(37,229,'','18'),(36,229,'','Shared memory'),(35,229,'','hrStorageDescr'),(37,230,'','18'),(36,230,'','Swap space'),(35,230,'','hrStorageDescr'),(37,231,'','18'),(36,231,'','/dev'),(35,231,'','hrStorageDescr'),(37,232,'','18'),(36,232,'','/'),(35,232,'','hrStorageDescr'),(14,233,'','14'),(13,233,'','eth0'),(12,233,'','ifDescr'),(11,233,NULL,'2'),(10,233,NULL,''),(9,233,NULL,''),(8,233,NULL,'public'),(7,233,NULL,'127.0.0.1'),(39,233,NULL,'161'),(44,233,NULL,''),(45,233,NULL,''),(46,233,NULL,''),(50,233,NULL,'161'),(33,234,'','15'),(32,234,'','/dev/disk/by-label/DOROOT'),(31,234,'','dskDevice'),(14,235,'','13'),(13,235,'','eth0'),(12,235,'','ifDescr'),(11,235,NULL,'2'),(10,235,NULL,''),(9,235,NULL,''),(8,235,NULL,'public'),(7,235,NULL,'127.0.0.1'),(39,235,NULL,'161'),(44,235,NULL,''),(45,235,NULL,''),(46,235,NULL,''),(50,235,NULL,'161');
/*!40000 ALTER TABLE `data_input_data` ENABLE KEYS */;
UNLOCK TABLES;

--
-- Table structure for table `data_input_fields`
--

DROP TABLE IF EXISTS `data_input_fields`;
/*!40101 SET @saved_cs_client     = @@character_set_client */;
/*!40101 SET character_set_client = utf8 */;
CREATE TABLE `data_input_fields` (
  `id` mediumint(8) unsigned NOT NULL AUTO_INCREMENT,
  `hash` varchar(32) NOT NULL DEFAULT '',
  `data_input_id` mediumint(8) unsigned NOT NULL DEFAULT '0',
  `name` varchar(200) NOT NULL DEFAULT '',
  `data_name` varchar(50) NOT NULL DEFAULT '',
  `input_output` char(3) NOT NULL DEFAULT '',
  `update_rra` char(2) DEFAULT '0',
  `sequence` smallint(5) NOT NULL DEFAULT '0',
  `type_code` varchar(40) DEFAULT NULL,
  `regexp_match` varchar(200) DEFAULT NULL,
  `allow_nulls` char(2) DEFAULT NULL,
  PRIMARY KEY (`id`),
  KEY `data_input_id` (`data_input_id`),
  KEY `type_code` (`type_code`)
) ENGINE=MyISAM AUTO_INCREMENT=51 DEFAULT CHARSET=latin1;
/*!40101 SET character_set_client = @saved_cs_client */;

--
-- Dumping data for table `data_input_fields`
--

LOCK TABLES `data_input_fields` WRITE;
/*!40000 ALTER TABLE `data_input_fields` DISABLE KEYS */;
INSERT INTO `data_input_fields` VALUES (1,'92f5906c8dc0f964b41f4253df582c38',1,'SNMP IP Address','management_ip','in','',0,'hostname','',''),(2,'32285d5bf16e56c478f5e83f32cda9ef',1,'SNMP Community','snmp_community','in','',0,'snmp_community','',''),(3,'ad14ac90641aed388139f6ba86a2e48b',1,'SNMP Username','snmp_username','in','',0,'snmp_username','','on'),(4,'9c55a74bd571b4f00a96fd4b793278c6',1,'SNMP Password','snmp_password','in','',0,'snmp_password','','on'),(5,'012ccb1d3687d3edb29c002ea66e72da',1,'SNMP Version (1, 2, or 3)','snmp_version','in','',0,'snmp_version','','on'),(6,'4276a5ec6e3fe33995129041b1909762',1,'OID','oid','in','',0,'snmp_oid','',''),(7,'617cdc8a230615e59f06f361ef6e7728',2,'SNMP IP Address','management_ip','in','',0,'hostname','',''),(8,'acb449d1451e8a2a655c2c99d31142c7',2,'SNMP Community','snmp_community','in','',0,'snmp_community','',''),(9,'f4facc5e2ca7ebee621f09bc6d9fc792',2,'SNMP Username (v3)','snmp_username','in','',0,'snmp_username','','on'),(10,'1cc1493a6781af2c478fa4de971531cf',2,'SNMP Password (v3)','snmp_password','in','',0,'snmp_password','','on'),(11,'b5c23f246559df38662c255f4aa21d6b',2,'SNMP Version (1, 2, or 3)','snmp_version','in','',0,'snmp_version','',''),(12,'6027a919c7c7731fbe095b6f53ab127b',2,'Index Type','index_type','in','',0,'index_type','',''),(13,'cbbe5c1ddfb264a6e5d509ce1c78c95f',2,'Index Value','index_value','in','',0,'index_value','',''),(14,'e6deda7be0f391399c5130e7c4a48b28',2,'Output Type ID','output_type','in','',0,'output_type','',''),(15,'edfd72783ad02df128ff82fc9324b4b9',3,'Disk Partition','partition','in','',1,'','',''),(16,'8b75fb61d288f0b5fc0bd3056af3689b',3,'Kilobytes Free','kilobytes','out','on',0,'','',''),(17,'363588d49b263d30aecb683c52774f39',4,'1 Minute Average','1min','out','on',0,'','',''),(18,'ad139a9e1d69881da36fca07889abf58',4,'5 Minute Average','5min','out','on',0,'','',''),(19,'5db9fee64824c08258c7ff6f8bc53337',4,'10 Minute Average','10min','out','on',0,'','',''),(20,'c0cfd0beae5e79927c5a360076706820',5,'Username (Optional)','username','in','',1,'','','on'),(21,'52c58ad414d9a2a83b00a7a51be75a53',5,'Logged In Users','users','out','on',0,'','',''),(22,'05eb5d710f0814871b8515845521f8d7',6,'Grep String','grepstr','in','',1,'','',''),(23,'86cb1cbfde66279dbc7f1144f43a3219',6,'Result (in Kilobytes)','kilobytes','out','on',0,'','',''),(24,'d5a8dd5fbe6a5af11667c0039af41386',7,'Number of Processes','proc','out','on',0,'','',''),(25,'8848cdcae831595951a3f6af04eec93b',8,'Grep String','grepstr','in','',1,'','','on'),(26,'3d1288d33008430ce354e8b9c162f7ff',8,'Connections','connections','out','on',0,'','',''),(27,'c6af570bb2ed9c84abf32033702e2860',9,'(Optional) Log Path','log_path','in','',1,'','','on'),(28,'f9389860f5c5340c9b27fca0b4ee5e71',9,'Web Hits','webhits','out','on',0,'','',''),(29,'5fbadb91ad66f203463c1187fe7bd9d5',10,'IP Address','ip','in','',1,'hostname','',''),(30,'6ac4330d123c69067d36a933d105e89a',10,'Milliseconds','out_ms','out','on',0,'','',''),(31,'d39556ecad6166701bfb0e28c5a11108',11,'Index Type','index_type','in','',0,'index_type','',''),(32,'3b7caa46eb809fc238de6ef18b6e10d5',11,'Index Value','index_value','in','',0,'index_value','',''),(33,'74af2e42dc12956c4817c2ef5d9983f9',11,'Output Type ID','output_type','in','',0,'output_type','',''),(34,'8ae57f09f787656bf4ac541e8bd12537',11,'Output Value','output','out','on',0,'','',''),(35,'172b4b0eacee4948c6479f587b62e512',12,'Index Type','index_type','in','',0,'index_type','',''),(36,'30fb5d5bcf3d66bb5abe88596f357c26',12,'Index Value','index_value','in','',0,'index_value','',''),(37,'31112c85ae4ff821d3b288336288818c',12,'Output Type ID','output_type','in','',0,'output_type','',''),(38,'5be8fa85472d89c621790b43510b5043',12,'Output Value','output','out','on',0,'','',''),(39,'c1f36ee60c3dc98945556d57f26e475b',2,'SNMP Port','snmp_port','in','',0,'snmp_port','',''),(40,'fc64b99742ec417cc424dbf8c7692d36',1,'SNMP Port','snmp_port','in','',0,'snmp_port','',''),(41,'20832ce12f099c8e54140793a091af90',1,'SNMP Authenticaion Protocol (v3)','snmp_auth_protocol','in','',0,'snmp_auth_protocol','',''),(42,'c60c9aac1e1b3555ea0620b8bbfd82cb',1,'SNMP Privacy Passphrase (v3)','snmp_priv_passphrase','in','',0,'snmp_priv_passphrase','',''),(43,'feda162701240101bc74148415ef415a',1,'SNMP Privacy Protocol (v3)','snmp_priv_protocol','in','',0,'snmp_priv_protocol','',''),(44,'2cf7129ad3ff819a7a7ac189bee48ce8',2,'SNMP Authenticaion Protocol (v3)','snmp_auth_protocol','in','',0,'snmp_auth_protocol','',''),(45,'6b13ac0a0194e171d241d4b06f913158',2,'SNMP Privacy Passphrase (v3)','snmp_priv_passphrase','in','',0,'snmp_priv_passphrase','',''),(46,'3a33d4fc65b8329ab2ac46a36da26b72',2,'SNMP Privacy Protocol (v3)','snmp_priv_protocol','in','',0,'snmp_priv_protocol','',''),(47,'35637c344d84d8aa3a4dc50e4a120b3f',1,'snmp port','snmp port','in','',0,'snmp_port','','on'),(48,'51bde3d899e12bde28ad979166985584',1,'Port','snmp_port','in','',0,'snmp_port','','on'),(49,'d94caa7cc3733bd95ee00a3917fdcbb5',1,'SNMP Port','snmp_port','in','',0,'snmp_port','','on'),(50,'5240353b8f7f259acaf30e6229bc14e7',2,'Port','snmp_port','in','',0,'snmp_port','','on');
/*!40000 ALTER TABLE `data_input_fields` ENABLE KEYS */;
UNLOCK TABLES;

--
-- Table structure for table `data_local`
--

DROP TABLE IF EXISTS `data_local`;
/*!40101 SET @saved_cs_client     = @@character_set_client */;
/*!40101 SET character_set_client = utf8 */;
CREATE TABLE `data_local` (
  `id` mediumint(8) unsigned NOT NULL AUTO_INCREMENT,
  `data_template_id` mediumint(8) unsigned NOT NULL DEFAULT '0',
  `host_id` mediumint(8) unsigned NOT NULL DEFAULT '0',
  `snmp_query_id` mediumint(8) NOT NULL DEFAULT '0',
  `snmp_index` varchar(255) NOT NULL DEFAULT '',
  PRIMARY KEY (`id`)
) ENGINE=MyISAM AUTO_INCREMENT=156 DEFAULT CHARSET=latin1;
/*!40101 SET character_set_client = @saved_cs_client */;

--
-- Dumping data for table `data_local`
--

LOCK TABLES `data_local` WRITE;
/*!40000 ALTER TABLE `data_local` DISABLE KEYS */;
INSERT INTO `data_local` VALUES (143,11,8,0,''),(142,50,8,0,''),(141,53,8,0,''),(140,52,8,0,''),(139,51,8,0,''),(138,55,8,0,''),(137,57,8,0,''),(136,56,8,0,''),(135,54,8,0,''),(134,49,8,0,''),(133,58,8,0,''),(132,62,8,0,''),(131,61,8,0,''),(130,60,8,0,''),(129,59,8,0,''),(128,63,8,0,''),(127,65,8,0,''),(126,64,8,0,''),(125,5,8,0,''),(124,4,8,0,''),(123,6,8,0,''),(122,66,8,0,''),(154,37,8,6,'/dev/disk/by-label/DOROOT'),(153,41,8,1,'2'),(152,43,8,8,'31'),(155,41,8,1,'2'),(150,43,8,8,'10'),(149,43,8,8,'8'),(148,43,8,8,'7'),(147,43,8,8,'6'),(146,43,8,8,'3'),(145,43,8,8,'1'),(144,17,8,0,'');
/*!40000 ALTER TABLE `data_local` ENABLE KEYS */;
UNLOCK TABLES;

--
-- Table structure for table `data_template`
--

DROP TABLE IF EXISTS `data_template`;
/*!40101 SET @saved_cs_client     = @@character_set_client */;
/*!40101 SET character_set_client = utf8 */;
CREATE TABLE `data_template` (
  `id` mediumint(8) unsigned NOT NULL AUTO_INCREMENT,
  `hash` varchar(32) NOT NULL DEFAULT '',
  `name` varchar(150) NOT NULL DEFAULT '',
  PRIMARY KEY (`id`)
) ENGINE=MyISAM AUTO_INCREMENT=67 DEFAULT CHARSET=latin1;
/*!40101 SET character_set_client = @saved_cs_client */;

--
-- Dumping data for table `data_template`
--

LOCK TABLES `data_template` WRITE;
/*!40000 ALTER TABLE `data_template` DISABLE KEYS */;
INSERT INTO `data_template` VALUES (3,'c8a8f50f5f4a465368222594c5709ede','ucd/net - Hard Drive Space'),(4,'cdfed2d401723d2f41fc239d4ce249c7','ucd/net - CPU Usage - System'),(5,'a27e816377d2ac6434a87c494559c726','ucd/net - CPU Usage - User'),(6,'c06c3d20eccb9598939dc597701ff574','ucd/net - CPU Usage - Nice'),(7,'a14f2d6f233b05e64263ff03a5b0b386','Karlnet - Noise Level'),(8,'def1a9019d888ed2ad2e106aa9595ede','Karlnet - Signal Level'),(9,'513a99ae3c9c4413609c1534ffc36eab','Karlnet - Wireless Transmits'),(10,'77404ae93c9cc410f1c2c717e7117378','Karlnet - Wireless Re-Transmits'),(11,'9e72511e127de200733eb502eb818e1d','Unix - Load Average'),(13,'dc33aa9a8e71fb7c61ec0e7a6da074aa','Linux - Memory - Free'),(15,'41f55087d067142d702dd3c73c98f020','Linux - Memory - Free Swap'),(16,'9b8c92d3c32703900ff7dd653bfc9cd8','Unix - Processes'),(17,'c221c2164c585b6da378013a7a6a2c13','Unix - Logged in Users'),(18,'a30a81cb1de65b52b7da542c8df3f188','Unix - Ping Host'),(19,'0de466a1b81dfe581d44ac014b86553a','Netware - Total Users'),(20,'bbe2da0708103029fbf949817d3a4537','Netware - Total Logins'),(22,'e4ac5d5fe73e3c773671c6d0498a8d9d','Netware - File System Reads'),(23,'f29f8c998425eedd249be1e7caf90ceb','Netware - File System Writes'),(24,'7a6216a113e19881e35565312db8a371','Netware - Cache Checks'),(25,'1dbd1251c8e94b334c0e6aeae5ca4b8d','Netware - Cache Hits'),(26,'1a4c5264eb27b5e57acd3160af770a61','Netware - Open Files'),(27,'e9def3a0e409f517cb804dfeba4ccd90','Cisco Router - 5 Minute CPU'),(30,'9b82d44eb563027659683765f92c9757','ucd/net - Load Average - 1 Minute'),(31,'87847714d19f405ff3c74f3341b3f940','ucd/net - Load Average - 5 Minute'),(32,'308ac157f24e2763f8cd828a80b3e5ff','ucd/net - Load Average - 15 Minute'),(33,'797a3e92b0039841b52e441a2823a6fb','ucd/net - Memory - Buffers'),(34,'fa15932d3cab0da2ab94c69b1a9f5ca7','ucd/net - Memory - Free'),(35,'6ce4ab04378f9f3b03ee0623abb6479f','Netware - Volumes'),(36,'03060555fab086b8412bbf9951179cd9','Netware - Directory Entries'),(37,'e4ac6919d4f6f21ec5b281a1d6ac4d4e','Unix - Hard Drive Space'),(38,'36335cd98633963a575b70639cd2fdad','Interface - Errors/Discards'),(39,'2f654f7d69ac71a5d56b1db8543ccad3','Interface - Unicast Packets'),(40,'c84e511401a747409053c90ba910d0fe','Interface - Non-Unicast Packets'),(41,'6632e1e0b58a565c135d7ff90440c335','Interface - Traffic'),(42,'1d17325f416b262921a0b55fe5f7e31d','Netware - CPU Utilization'),(43,'d814fa3b79bd0f8933b6e0834d3f16d0','Host MIB - Hard Drive Space'),(44,'f6e7d21c19434666bbdac00ccef9932f','Host MIB - CPU Utilization'),(45,'f383db441d1c246cff8482f15e184e5f','Host MIB - Processes'),(46,'2ef027cc76d75720ee5f7a528f0f1fda','Host MIB - Logged in Users'),(47,'a274deec1f78654dca6c446ba75ebca4','ucd/net - Memory - Cache'),(48,'d429e4a6019c91e6e84562593c1968ca','SNMP - Generic OID Template'),(49,'d19084c628db4b295aca85a42afd6649','ucd_hrSystemProcesses'),(50,'9c25bd450958f4e61356f009a42154a2','ucd_hrSystemNumUsers'),(51,'67ad9e2f779d4a080d203274f5685958','ucd_tcpCurrEstab'),(52,'d4bf4db7cbc1267bb85d8a0c693177c8','ucd_hrSystemUptime'),(53,'f5f413e9b98c2510125ebd22d62607d8','ucd_sysUptime'),(54,'0f6fa6a03a4ead42640f0dbd5768f878','ucd_tcpActiveOpens'),(55,'43da65857cd4d879c55893273d7d0d5d','ucd_tcpPassiveOpens'),(56,'faf847fdffe48727374b1cfd4c20a32f','ucd_tcpAttemptFails'),(57,'d131db742468a049f490dcd6c1e1731a','ucd_tcpEstabResets'),(58,'6a509c97c68defc54260f2e4569253f2','ucd_memTotalReal'),(59,'4e6d86b00df9e3b88549b731f2cee222','ucd_memAvailReal'),(60,'98d40c6ced7e270f7f3ad9abcab0e52d','ucd_memBuffer'),(61,'7845cfa8219e0ced04aecce80e374473','ucd_memCached'),(62,'a7f7972afbb0104cedfa53daf175d4ae','ucd_memShared'),(63,'68595c235fca2b68601df6b3983899a4','ucd_load5min'),(64,'ac44d6f144c46bad6eb21499c68557a3','ucd_load15min'),(65,'a5466415383b34f846b8f9368686e27f','ucd_load1min'),(66,'6a2d5de07c5c75117e754dba0e93db0a','ucd/net - CPU Usage - Idle');
/*!40000 ALTER TABLE `data_template` ENABLE KEYS */;
UNLOCK TABLES;

--
-- Table structure for table `data_template_data`
--

DROP TABLE IF EXISTS `data_template_data`;
/*!40101 SET @saved_cs_client     = @@character_set_client */;
/*!40101 SET character_set_client = utf8 */;
CREATE TABLE `data_template_data` (
  `id` mediumint(8) unsigned NOT NULL AUTO_INCREMENT,
  `local_data_template_data_id` mediumint(8) unsigned NOT NULL DEFAULT '0',
  `local_data_id` mediumint(8) unsigned NOT NULL DEFAULT '0',
  `data_template_id` mediumint(8) unsigned NOT NULL DEFAULT '0',
  `data_input_id` mediumint(8) unsigned NOT NULL DEFAULT '0',
  `t_name` char(2) DEFAULT NULL,
  `name` varchar(250) NOT NULL DEFAULT '',
  `name_cache` varchar(255) NOT NULL DEFAULT '',
  `data_source_path` varchar(255) DEFAULT NULL,
  `t_active` char(2) DEFAULT NULL,
  `active` char(2) DEFAULT NULL,
  `t_rrd_step` char(2) DEFAULT NULL,
  `rrd_step` mediumint(8) unsigned NOT NULL DEFAULT '0',
  `t_rra_id` char(2) DEFAULT NULL,
  PRIMARY KEY (`id`),
  KEY `local_data_id` (`local_data_id`),
  KEY `data_template_id` (`data_template_id`),
  KEY `data_input_id` (`data_input_id`)
) ENGINE=MyISAM AUTO_INCREMENT=236 DEFAULT CHARSET=latin1;
/*!40101 SET character_set_client = @saved_cs_client */;

--
-- Dumping data for table `data_template_data`
--

LOCK TABLES `data_template_data` WRITE;
/*!40000 ALTER TABLE `data_template_data` DISABLE KEYS */;
INSERT INTO `data_template_data` VALUES (3,0,0,3,2,'on','|host_description| - Hard Drive Space','',NULL,'','on','',300,''),(4,0,0,4,1,'','|host_description| - CPU Usage - System','',NULL,'','on','',300,''),(5,0,0,5,1,'','|host_description| - CPU Usage - User','',NULL,'','on','',300,''),(6,0,0,6,1,'','|host_description| - CPU Usage - Nice','',NULL,'','on','',300,''),(7,0,0,7,2,'on','|host_description| - Noise Level','',NULL,'','on','',300,''),(8,0,0,8,2,'on','|host_description| - Signal Level','',NULL,'','on','',300,''),(9,0,0,9,2,'on','|host_description| - Wireless Transmits','',NULL,'','on','',300,''),(10,0,0,10,2,'on','|host_description| - Wireless Re-Transmits','',NULL,'','on','',300,''),(11,0,0,11,4,'','|host_description| - Load Average','',NULL,'','on','',300,''),(13,0,0,13,6,'','|host_description| - Memory - Free','',NULL,'','on','',300,''),(15,0,0,15,6,'','|host_description| - Memory - Free Swap','',NULL,'','on','',300,''),(16,0,0,16,7,'','|host_description| - Processes','',NULL,'','on','',300,''),(17,0,0,17,5,'','|host_description| - Logged in Users','',NULL,'','on','',300,''),(18,0,0,18,10,'','|host_description| - Ping Host','',NULL,'','on','',300,''),(19,0,0,19,1,'','|host_description| - Total Users','',NULL,'','on','',300,''),(20,0,0,20,1,'','|host_description| - Total Logins','',NULL,'','on','',300,''),(22,0,0,22,1,'','|host_description| - File System Reads','',NULL,'','on','',300,''),(23,0,0,23,1,'','|host_description| - File System Writes','',NULL,'','on','',300,''),(24,0,0,24,1,'','|host_description| - Cache Checks','',NULL,'','on','',300,''),(25,0,0,25,1,'','|host_description| - Cache Hits','',NULL,'','on','',300,''),(26,0,0,26,1,'','|host_description| - Open Files','',NULL,'','on','',300,''),(27,0,0,27,1,'','|host_description| - 5 Minute CPU','',NULL,'','on','',300,''),(30,0,0,30,1,'','|host_description| - Load Average - 1 Minute','',NULL,'','on','',300,''),(31,0,0,31,1,'','|host_description| - Load Average - 5 Minute','',NULL,'','on','',300,''),(32,0,0,32,1,'','|host_description| - Load Average - 15 Minute','',NULL,'','on','',300,''),(33,0,0,33,1,'','|host_description| - Memory - Buffers','',NULL,'','on','',300,''),(34,0,0,34,1,'','|host_description| - Memory - Free','',NULL,'','on','',300,''),(35,0,0,35,2,'on','|host_description| - Volumes','',NULL,'','on','',300,''),(36,0,0,36,2,'on','|host_description| - Directory Entries','',NULL,'','on','',300,''),(37,0,0,37,11,'on','|host_description| - Hard Drive Space','',NULL,'','on','',300,''),(38,0,0,38,2,'on','|host_hostname| - Errors/Discards - |query_ifName|','',NULL,'','on','',300,''),(39,0,0,39,2,'on','|host_hostname| - Unicast Packets','',NULL,'','on','',300,''),(40,0,0,40,2,'on','|host_hostname| - Non-Unicast Packets','',NULL,'','on','',300,''),(41,0,0,41,2,'on','|host_hostname| - Traffic - |query_ifName|','',NULL,'','on','',300,''),(55,0,0,42,2,'','|host_description| - CPU Utilization','',NULL,'','on','',300,''),(56,0,0,43,12,'','|host_description| - Hard Drive Space','',NULL,'','on','',300,''),(57,0,0,44,12,'','|host_description| - CPU Utilization','',NULL,'','on','',300,''),(58,0,0,45,1,'','|host_description| - Processes','',NULL,'','on','',300,''),(59,0,0,46,1,'','|host_description| - Logged in Users','',NULL,'','on','',300,''),(68,0,0,47,1,'','|host_description| - Memory - Cache','',NULL,'','on','',300,''),(69,0,0,48,1,'on','|host_description| -','',NULL,'','on','',300,''),(71,0,0,49,1,'','|host_description| - hrSystemProcesses','',NULL,'','on','',300,''),(72,0,0,50,1,'','|host_description| - hrSystemNumUsers','',NULL,'','on','',300,''),(73,0,0,51,1,'','|host_description| - tcpCurrEstab','',NULL,'','on','',300,''),(74,0,0,52,1,'','|host_description| - Host Uptime','',NULL,'','on','',300,''),(75,0,0,53,1,'','|host_description| - Network Management Uptime','',NULL,'','on','',300,''),(76,0,0,54,1,'','|host_description| - tcpActiveOpens','',NULL,'','on','',300,''),(77,0,0,55,1,'','|host_description| - tcpPassiveOpens','',NULL,'','on','',300,''),(78,0,0,56,1,'','|host_description| - tcpAttemptFails','',NULL,'','on','',300,''),(79,0,0,57,1,'','|host_description| - tcpEstabResets','',NULL,'','on','',300,''),(80,0,0,58,1,'','|host_description| - memTotalReal','',NULL,'','on','',300,''),(81,0,0,59,1,'','|host_description| - memAvailReal','',NULL,'','on','',300,''),(82,0,0,60,1,'','|host_description| - ucd_memBuffer','',NULL,'','on','',300,''),(83,0,0,61,1,'','|host_description| - ucd_memCached','',NULL,'','on','',300,''),(84,0,0,62,1,'','|host_description| - ucd_memShared','',NULL,'','on','',300,''),(85,0,0,63,1,'','|host_description| - Load Average - 5 Minute','',NULL,'','on','',300,''),(86,0,0,64,1,'','|host_description| - Load Average - 15 Minute','',NULL,'','on','',300,''),(87,0,0,65,1,'','|host_description| - Load Average - 1 Minute','',NULL,'','on','',300,''),(88,0,0,66,1,'','|host_description| - CPU Usage - Idle','',NULL,'','on','',300,''),(234,37,154,37,11,NULL,'|host_description| - Free Space - |query_dskDevice|','Server - Free Space - /dev/disk/by-la','<path_rra>/server_hdd_free_154.rrd',NULL,'on',NULL,300,NULL),(233,41,153,41,2,NULL,'|host_description| - Traffic - |query_ifIP| - |query_ifName|','Server - Traffic - 104.131.64.86 - eth0','<path_rra>/server_traffic_in_153.rrd',NULL,'on',NULL,300,NULL),(232,56,152,43,12,NULL,'|host_description| - Used Space - |query_hrStorageDescr|','Server - Used Space - /','<path_rra>/server_hdd_used_152.rrd',NULL,'on',NULL,300,NULL),(235,41,155,41,2,NULL,'|host_description| - Traffic - |query_ifIP| - |query_ifName|','Server - Traffic - 104.131.64.86 - eth0','<path_rra>/server_traffic_in_155.rrd',NULL,'on',NULL,300,NULL),(230,56,150,43,12,NULL,'|host_description| - Used Space - |query_hrStorageDescr|','Server - Used Space - Swap space','<path_rra>/server_hdd_used_150.rrd',NULL,'on',NULL,300,NULL),(229,56,149,43,12,NULL,'|host_description| - Used Space - |query_hrStorageDescr|','Server - Used Space - Shared memory','<path_rra>/server_hdd_used_149.rrd',NULL,'on',NULL,300,NULL),(228,56,148,43,12,NULL,'|host_description| - Used Space - |query_hrStorageDescr|','Server - Used Space - Cached memory','<path_rra>/server_hdd_used_148.rrd',NULL,'on',NULL,300,NULL),(227,56,147,43,12,NULL,'|host_description| - Used Space - |query_hrStorageDescr|','Server - Used Space - Memory buffers','<path_rra>/server_hdd_used_147.rrd',NULL,'on',NULL,300,NULL),(226,56,146,43,12,NULL,'|host_description| - Used Space - |query_hrStorageDescr|','Server - Used Space - Virtual memory','<path_rra>/server_hdd_used_146.rrd',NULL,'on',NULL,300,NULL),(225,56,145,43,12,NULL,'|host_description| - Used Space - |query_hrStorageDescr|','Server - Used Space - Physical memory','<path_rra>/server_hdd_used_145.rrd',NULL,'on',NULL,300,NULL),(224,17,144,17,5,NULL,'|host_description| - Logged in Users','Server - Logged in Users','<path_rra>/server_users_144.rrd',NULL,'on',NULL,300,NULL),(223,11,143,11,4,NULL,'|host_description| - Load Average','Server - Load Average','<path_rra>/server_load_1min_143.rrd',NULL,'on',NULL,300,NULL),(222,72,142,50,1,NULL,'|host_description| - hrSystemNumUsers','Server - hrSystemNumUsers','<path_rra>/server_users_142.rrd',NULL,'on',NULL,300,NULL),(202,88,122,66,1,NULL,'|host_description| - CPU Usage - Idle','Server - CPU Usage - Idle','<path_rra>/server_cpu_idle_122.rrd',NULL,'on',NULL,300,NULL),(203,6,123,6,1,NULL,'|host_description| - CPU Usage - Nice','Server - CPU Usage - Nice','<path_rra>/server_cpu_nice_123.rrd',NULL,'on',NULL,300,NULL),(204,4,124,4,1,NULL,'|host_description| - CPU Usage - System','Server - CPU Usage - System','<path_rra>/server_cpu_system_124.rrd',NULL,'on',NULL,300,NULL),(205,5,125,5,1,NULL,'|host_description| - CPU Usage - User','Server - CPU Usage - User','<path_rra>/server_cpu_user_125.rrd',NULL,'on',NULL,300,NULL),(206,86,126,64,1,NULL,'|host_description| - Load Average - 15 Minute','Server - Load Average - 15 Minute','<path_rra>/server_ucd_load15min_126.rrd',NULL,'on',NULL,300,NULL),(207,87,127,65,1,NULL,'|host_description| - Load Average - 1 Minute','Server - Load Average - 1 Minute','<path_rra>/server_ucd_load1min_127.rrd',NULL,'on',NULL,300,NULL),(208,85,128,63,1,NULL,'|host_description| - Load Average - 5 Minute','Server - Load Average - 5 Minute','<path_rra>/server_ucd_load5min_128.rrd',NULL,'on',NULL,300,NULL),(209,81,129,59,1,NULL,'|host_description| - memAvailReal','Server - memAvailReal','<path_rra>/server_ucd_memavailreal_129.rrd',NULL,'on',NULL,300,NULL),(210,82,130,60,1,NULL,'|host_description| - ucd_memBuffer','Server - ucd_memBuffer','<path_rra>/server_ucd_membuffer_130.rrd',NULL,'on',NULL,300,NULL),(211,83,131,61,1,NULL,'|host_description| - ucd_memCached','Server - ucd_memCached','<path_rra>/server_ucd_memcached_131.rrd',NULL,'on',NULL,300,NULL),(212,84,132,62,1,NULL,'|host_description| - ucd_memShared','Server - ucd_memShared','<path_rra>/server_ucd_memshared_132.rrd',NULL,'on',NULL,300,NULL),(213,80,133,58,1,NULL,'|host_description| - memTotalReal','Server - memTotalReal','<path_rra>/server_ucd_memtotalreal_133.rrd',NULL,'on',NULL,300,NULL),(214,71,134,49,1,NULL,'|host_description| - hrSystemProcesses','Server - hrSystemProcesses','<path_rra>/server_ucd_hrsystemprocess_134.rrd',NULL,'on',NULL,300,NULL),(215,76,135,54,1,NULL,'|host_description| - tcpActiveOpens','Server - tcpActiveOpens','<path_rra>/server_ucd_tcpactiveopens_135.rrd',NULL,'on',NULL,300,NULL),(216,78,136,56,1,NULL,'|host_description| - tcpAttemptFails','Server - tcpAttemptFails','<path_rra>/server_ucd_tcpattemptfails_136.rrd',NULL,'on',NULL,300,NULL),(217,79,137,57,1,NULL,'|host_description| - tcpEstabResets','Server - tcpEstabResets','<path_rra>/server_ucd_tcpestabresets_137.rrd',NULL,'on',NULL,300,NULL),(218,77,138,55,1,NULL,'|host_description| - tcpPassiveOpens','Server - tcpPassiveOpens','<path_rra>/server_ucd_tcppassiveopens_138.rrd',NULL,'on',NULL,300,NULL),(219,73,139,51,1,NULL,'|host_description| - tcpCurrEstab','Server - tcpCurrEstab','<path_rra>/server_ucd_tcpcurrestab_139.rrd',NULL,'on',NULL,300,NULL),(220,74,140,52,1,NULL,'|host_description| - Host Uptime','Server - Host Uptime','<path_rra>/server_ucd_hrsystemuptime_140.rrd',NULL,'on',NULL,300,NULL),(221,75,141,53,1,NULL,'|host_description| - Network Management Uptime','Server - Network Management Uptime','<path_rra>/server_ucd_sysuptime_141.rrd',NULL,'on',NULL,300,NULL);
/*!40000 ALTER TABLE `data_template_data` ENABLE KEYS */;
UNLOCK TABLES;

--
-- Table structure for table `data_template_data_rra`
--

DROP TABLE IF EXISTS `data_template_data_rra`;
/*!40101 SET @saved_cs_client     = @@character_set_client */;
/*!40101 SET character_set_client = utf8 */;
CREATE TABLE `data_template_data_rra` (
  `data_template_data_id` mediumint(8) unsigned NOT NULL DEFAULT '0',
  `rra_id` mediumint(8) unsigned NOT NULL DEFAULT '0',
  PRIMARY KEY (`data_template_data_id`,`rra_id`),
  KEY `data_template_data_id` (`data_template_data_id`)
) ENGINE=MyISAM DEFAULT CHARSET=latin1;
/*!40101 SET character_set_client = @saved_cs_client */;

--
-- Dumping data for table `data_template_data_rra`
--

LOCK TABLES `data_template_data_rra` WRITE;
/*!40000 ALTER TABLE `data_template_data_rra` DISABLE KEYS */;
INSERT INTO `data_template_data_rra` VALUES (3,1),(3,2),(3,3),(3,4),(4,1),(4,2),(4,3),(4,4),(5,1),(5,2),(5,3),(5,4),(6,1),(6,2),(6,3),(6,4),(7,1),(7,2),(7,3),(7,4),(8,1),(8,2),(8,3),(8,4),(9,1),(9,2),(9,3),(9,4),(10,1),(10,2),(10,3),(10,4),(11,1),(11,2),(11,3),(11,4),(13,1),(13,2),(13,3),(13,4),(15,1),(15,2),(15,3),(15,4),(16,1),(16,2),(16,3),(16,4),(17,1),(17,2),(17,3),(17,4),(18,1),(18,2),(18,3),(18,4),(19,1),(19,2),(19,3),(19,4),(20,1),(20,2),(20,3),(20,4),(22,1),(22,2),(22,3),(22,4),(23,1),(23,2),(23,3),(23,4),(24,1),(24,2),(24,3),(24,4),(25,1),(25,2),(25,3),(25,4),(26,1),(26,2),(26,3),(26,4),(27,1),(27,2),(27,3),(27,4),(30,1),(30,2),(30,3),(30,4),(31,1),(31,2),(31,3),(31,4),(32,1),(32,2),(32,3),(32,4),(33,1),(33,2),(33,3),(33,4),(34,1),(34,2),(34,3),(34,4),(35,1),(35,2),(35,3),(35,4),(36,1),(36,2),(36,3),(36,4),(37,1),(37,2),(37,3),(37,4),(38,1),(38,2),(38,3),(38,4),(39,1),(39,2),(39,3),(39,4),(40,1),(40,2),(40,3),(40,4),(41,1),(41,2),(41,3),(41,4),(55,1),(55,2),(55,3),(55,4),(56,1),(56,2),(56,3),(56,4),(57,1),(57,2),(57,3),(57,4),(58,1),(58,2),(58,3),(58,4),(59,1),(59,2),(59,3),(59,4),(62,1),(62,2),(62,3),(62,4),(63,1),(63,2),(63,3),(63,4),(64,1),(64,2),(64,3),(64,4),(65,1),(65,2),(65,3),(65,4),(66,1),(66,2),(66,3),(66,4),(68,1),(68,2),(68,3),(68,4),(69,1),(69,2),(69,3),(69,4),(70,1),(70,2),(70,3),(70,4),(71,1),(71,2),(71,3),(71,4),(72,1),(72,2),(72,3),(72,4),(73,1),(73,2),(73,3),(73,4),(74,1),(74,2),(74,3),(74,4),(75,1),(75,2),(75,3),(75,4),(76,1),(76,2),(76,3),(76,4),(77,1),(77,2),(77,3),(77,4),(78,1),(78,2),(78,3),(78,4),(79,1),(79,2),(79,3),(79,4),(80,1),(80,2),(80,3),(80,4),(81,1),(81,2),(81,3),(81,4),(82,1),(82,2),(82,3),(82,4),(83,1),(83,2),(83,3),(83,4),(84,1),(84,2),(84,3),(84,4),(85,1),(85,2),(85,3),(85,4),(86,1),(86,2),(86,3),(86,4),(87,1),(87,2),(87,3),(87,4),(88,1),(88,2),(88,3),(88,4),(89,1),(89,2),(89,3),(89,4),(90,1),(90,2),(90,3),(90,4),(91,1),(91,2),(91,3),(91,4),(92,1),(92,2),(92,3),(92,4),(93,1),(93,2),(93,3),(93,4),(94,1),(94,2),(94,3),(94,4),(95,1),(95,2),(95,3),(95,4),(96,1),(96,2),(96,3),(96,4),(97,1),(97,2),(97,3),(97,4),(98,1),(98,2),(98,3),(98,4),(99,1),(99,2),(99,3),(99,4),(100,1),(100,2),(100,3),(100,4),(101,1),(101,2),(101,3),(101,4),(102,1),(102,2),(102,3),(102,4),(103,1),(103,2),(103,3),(103,4),(104,1),(104,2),(104,3),(104,4),(105,1),(105,2),(105,3),(105,4),(106,1),(106,2),(106,3),(106,4),(107,1),(107,2),(107,3),(107,4),(108,1),(108,2),(108,3),(108,4),(109,1),(109,2),(109,3),(109,4),(110,1),(110,2),(110,3),(110,4),(111,1),(111,2),(111,3),(111,4),(112,1),(112,2),(112,3),(112,4),(113,1),(113,2),(113,3),(113,4),(114,1),(114,2),(114,3),(114,4),(115,1),(115,2),(115,3),(115,4),(116,1),(116,2),(116,3),(116,4),(117,1),(117,2),(117,3),(117,4),(118,1),(118,2),(118,3),(118,4),(119,1),(119,2),(119,3),(119,4),(120,1),(120,2),(120,3),(120,4),(121,1),(121,2),(121,3),(121,4),(122,1),(122,2),(122,3),(122,4),(123,1),(123,2),(123,3),(123,4),(124,1),(124,2),(124,3),(124,4),(125,1),(125,2),(125,3),(125,4),(126,1),(126,2),(126,3),(126,4),(127,1),(127,2),(127,3),(127,4),(128,1),(128,2),(128,3),(128,4),(129,1),(129,2),(129,3),(129,4),(130,1),(130,2),(130,3),(130,4),(131,1),(131,2),(131,3),(131,4),(132,1),(132,2),(132,3),(132,4),(133,1),(133,2),(133,3),(133,4),(134,1),(134,2),(134,3),(134,4),(135,1),(135,2),(135,3),(135,4),(136,1),(136,2),(136,3),(136,4),(137,1),(137,2),(137,3),(137,4),(138,1),(138,2),(138,3),(138,4),(139,1),(139,2),(139,3),(139,4),(140,1),(140,2),(140,3),(140,4),(141,1),(141,2),(141,3),(141,4),(142,1),(142,2),(142,3),(142,4),(143,1),(143,2),(143,3),(143,4),(144,1),(144,2),(144,3),(144,4),(145,1),(145,2),(145,3),(145,4),(146,1),(146,2),(146,3),(146,4),(147,1),(147,2),(147,3),(147,4),(148,1),(148,2),(148,3),(148,4),(149,1),(149,2),(149,3),(149,4),(150,1),(150,2),(150,3),(150,4),(151,1),(151,2),(151,3),(151,4),(152,1),(152,2),(152,3),(152,4),(153,1),(153,2),(153,3),(153,4),(154,1),(154,2),(154,3),(154,4),(155,1),(155,2),(155,3),(155,4),(156,1),(156,2),(156,3),(156,4),(157,1),(157,2),(157,3),(157,4),(158,1),(158,2),(158,3),(158,4),(159,1),(159,2),(159,3),(159,4),(160,1),(160,2),(160,3),(160,4),(161,1),(161,2),(161,3),(161,4),(162,1),(162,2),(162,3),(162,4),(163,1),(163,2),(163,3),(163,4),(164,1),(164,2),(164,3),(164,4),(165,1),(165,2),(165,3),(165,4),(166,1),(166,2),(166,3),(166,4),(167,1),(167,2),(167,3),(167,4),(168,1),(168,2),(168,3),(168,4),(169,1),(169,2),(169,3),(169,4),(170,1),(170,2),(170,3),(170,4),(171,1),(171,2),(171,3),(171,4),(172,1),(172,2),(172,3),(172,4),(173,1),(173,2),(173,3),(173,4),(174,1),(174,2),(174,3),(174,4),(175,1),(175,2),(175,3),(175,4),(176,1),(176,2),(176,3),(176,4),(177,1),(177,2),(177,3),(177,4),(178,1),(178,2),(178,3),(178,4),(179,1),(179,2),(179,3),(179,4),(180,1),(180,2),(180,3),(180,4),(181,1),(181,2),(181,3),(181,4),(182,1),(182,2),(182,3),(182,4),(183,1),(183,2),(183,3),(183,4),(184,1),(184,2),(184,3),(184,4),(185,1),(185,2),(185,3),(185,4),(186,1),(186,2),(186,3),(186,4),(187,1),(187,2),(187,3),(187,4),(188,1),(188,2),(188,3),(188,4),(189,1),(189,2),(189,3),(189,4),(190,1),(190,2),(190,3),(190,4),(191,1),(191,2),(191,3),(191,4),(192,1),(192,2),(192,3),(192,4),(193,1),(193,2),(193,3),(193,4),(194,1),(194,2),(194,3),(194,4),(195,1),(195,2),(195,3),(195,4),(196,1),(196,2),(196,3),(196,4),(197,1),(197,2),(197,3),(197,4),(198,1),(198,2),(198,3),(198,4),(199,1),(199,2),(199,3),(199,4),(200,1),(200,2),(200,3),(200,4),(201,1),(201,2),(201,3),(201,4),(202,1),(202,2),(202,3),(202,4),(203,1),(203,2),(203,3),(203,4),(204,1),(204,2),(204,3),(204,4),(205,1),(205,2),(205,3),(205,4),(206,1),(206,2),(206,3),(206,4),(207,1),(207,2),(207,3),(207,4),(208,1),(208,2),(208,3),(208,4),(209,1),(209,2),(209,3),(209,4),(210,1),(210,2),(210,3),(210,4),(211,1),(211,2),(211,3),(211,4),(212,1),(212,2),(212,3),(212,4),(213,1),(213,2),(213,3),(213,4),(214,1),(214,2),(214,3),(214,4),(215,1),(215,2),(215,3),(215,4),(216,1),(216,2),(216,3),(216,4),(217,1),(217,2),(217,3),(217,4),(218,1),(218,2),(218,3),(218,4),(219,1),(219,2),(219,3),(219,4),(220,1),(220,2),(220,3),(220,4),(221,1),(221,2),(221,3),(221,4),(222,1),(222,2),(222,3),(222,4),(223,1),(223,2),(223,3),(223,4),(224,1),(224,2),(224,3),(224,4),(225,1),(225,2),(225,3),(225,4),(226,1),(226,2),(226,3),(226,4),(227,1),(227,2),(227,3),(227,4),(228,1),(228,2),(228,3),(228,4),(229,1),(229,2),(229,3),(229,4),(230,1),(230,2),(230,3),(230,4),(231,1),(231,2),(231,3),(231,4),(232,1),(232,2),(232,3),(232,4),(233,1),(233,2),(233,3),(233,4),(234,1),(234,2),(234,3),(234,4),(235,1),(235,2),(235,3),(235,4);
/*!40000 ALTER TABLE `data_template_data_rra` ENABLE KEYS */;
UNLOCK TABLES;

--
-- Table structure for table `data_template_rrd`
--

DROP TABLE IF EXISTS `data_template_rrd`;
/*!40101 SET @saved_cs_client     = @@character_set_client */;
/*!40101 SET character_set_client = utf8 */;
CREATE TABLE `data_template_rrd` (
  `id` mediumint(8) unsigned NOT NULL AUTO_INCREMENT,
  `hash` varchar(32) NOT NULL DEFAULT '',
  `local_data_template_rrd_id` mediumint(8) unsigned NOT NULL DEFAULT '0',
  `local_data_id` mediumint(8) unsigned NOT NULL DEFAULT '0',
  `data_template_id` mediumint(8) unsigned NOT NULL DEFAULT '0',
  `t_rrd_maximum` char(2) DEFAULT NULL,
  `rrd_maximum` varchar(20) NOT NULL DEFAULT '0',
  `t_rrd_minimum` char(2) DEFAULT NULL,
  `rrd_minimum` varchar(20) NOT NULL DEFAULT '0',
  `t_rrd_heartbeat` char(2) DEFAULT NULL,
  `rrd_heartbeat` mediumint(6) NOT NULL DEFAULT '0',
  `t_data_source_type_id` char(2) DEFAULT NULL,
  `data_source_type_id` smallint(5) NOT NULL DEFAULT '0',
  `t_data_source_name` char(2) DEFAULT NULL,
  `data_source_name` varchar(19) NOT NULL DEFAULT '',
  `t_data_input_field_id` char(2) DEFAULT NULL,
  `data_input_field_id` mediumint(8) unsigned NOT NULL DEFAULT '0',
  PRIMARY KEY (`id`),
  UNIQUE KEY `duplicate_dsname_contraint` (`local_data_id`,`data_source_name`,`data_template_id`),
  KEY `local_data_id` (`local_data_id`),
  KEY `data_template_id` (`data_template_id`),
  KEY `local_data_template_rrd_id` (`local_data_template_rrd_id`)
) ENGINE=MyISAM AUTO_INCREMENT=293 DEFAULT CHARSET=latin1;
/*!40101 SET character_set_client = @saved_cs_client */;

--
-- Dumping data for table `data_template_rrd`
--

LOCK TABLES `data_template_rrd` WRITE;
/*!40000 ALTER TABLE `data_template_rrd` DISABLE KEYS */;
INSERT INTO `data_template_rrd` VALUES (3,'2d53f9c76767a2ae8909f4152fd473a4',0,0,3,'','0','','0','',600,'',1,'','hdd_free','',0),(4,'93d91aa7a3cc5473e7b195d5d6e6e675',0,0,3,'','0','','0','',600,'',1,'','hdd_used','',0),(5,'7bee7987bbf30a3bc429d2a67c6b2595',0,0,4,'','100','','0','',600,'',2,'','cpu_system','',0),(6,'ddccd7fbdece499da0235b4098b87f9e',0,0,5,'','100','','0','',600,'',2,'','cpu_user','',0),(7,'122ab2097f8c6403b7b90cde7b9e2bc2',0,0,6,'','100','','0','',600,'',2,'','cpu_nice','',0),(8,'34f50c820092ea0fecba25b4b94a7946',0,0,7,'','100','','0','',600,'',1,'','wrls_noise','',0),(9,'830b811d1834e5ba0e2af93bd92db057',0,0,8,'','100','','0','',600,'',1,'','wrls_signal','',0),(10,'2f1b016a2465eef3f7369f6313cd4a94',0,0,9,'','1000000','','0','',600,'',2,'','wrls_transmits','',0),(11,'28ffcecaf8b50e49f676f2d4a822685d',0,0,10,'','1000000','','0','',600,'',2,'','wrls_retransmits','',0),(12,'8175ca431c8fe50efff5a1d3ae51b55d',0,0,11,'','500','','0','',600,'',1,'','load_1min','',17),(13,'a2eeb8acd6ea01cd0e3ac852965c0eb6',0,0,11,'','500','','0','',600,'',1,'','load_5min','',18),(14,'9f951b7fb3b19285a411aebb5254a831',0,0,11,'','500','','0','',600,'',1,'','load_15min','',19),(16,'a4df3de5238d3beabee1a2fe140d3d80',0,0,13,'','0','','0','',600,'',1,'','mem_buffers','',23),(18,'7fea6acc9b1a19484b4cb4cef2b6c5da',0,0,15,'','0','','0','',600,'',1,'','mem_swap','',23),(19,'f1ba3a5b17b95825021241398bb0f277',0,0,16,'','1000','','0','',600,'',1,'','proc','',24),(20,'46a5afe8e6c0419172c76421dc9e304a',0,0,17,'','500','','0','',600,'',1,'','users','',21),(21,'962fd1994fe9cae87fb36436bdb8a742',0,0,18,'','5000','','0','',600,'',1,'','ping','',30),(22,'7a8dd1111a8624369906bf2cd6ea9ca9',0,0,19,'','100000','','0','',600,'',1,'','total_users','',0),(23,'ddb6e74d34d2f1969ce85f809dbac23d',0,0,20,'','100000','','0','',600,'',1,'','total_logins','',0),(25,'289311d10336941d33d9a1c48a7b11ee',0,0,22,'','10000000','','0','',600,'',2,'','fs_reads','',0),(26,'02216f036cca04655ee2f67fedb6f4f0',0,0,23,'','10000000','','0','',600,'',2,'','fs_writes','',0),(27,'9e402c0f29131ef7139c20bd500b4e8a',0,0,24,'','10000000','','0','',600,'',2,'','cache_checks','',0),(28,'46717dfe3c8c030d8b5ec0874f9dbdca',0,0,25,'','1000000','','0','',600,'',2,'','cache_hits','',0),(29,'7a88a60729af62561812c43bde61dfc1',0,0,26,'','100000','','0','',600,'',1,'','open_files','',0),(30,'3c0fd1a188b64a662dfbfa985648397b',0,0,27,'','100','','0','',600,'',1,'','5min_cpu','',0),(33,'ed44c2438ef7e46e2aeed2b6c580815c',0,0,30,'','500','','0','',600,'',1,'','load_1min','',0),(34,'9b3a00c9e3530d9e58895ac38271361e',0,0,31,'','500','','0','',600,'',1,'','load_5min','',0),(35,'6746c2ed836ecc68a71bbddf06b0e5d9',0,0,32,'','500','','0','',600,'',1,'','load_15min','',0),(36,'9835d9e1a8c78aa2475d752e8fa74812',0,0,33,'','10000000','','0','',600,'',1,'','mem_buffers','',0),(37,'9c78dc1981bcea841b8c827c6dc0d26c',0,0,34,'','10000000','','0','',600,'',1,'','mem_free','',0),(38,'62a56dc76fe4cd8566a31b5df0274cc3',0,0,35,'','0','','0','',600,'',1,'','vol_total','',0),(39,'2e366ab49d0e0238fb4e3141ea5a88c3',0,0,35,'','0','','0','',600,'',1,'','vol_free','',0),(40,'dceedc84718dd93a5affe4b190bca810',0,0,35,'','0','','0','',600,'',1,'','vol_freeable','',0),(42,'93330503f1cf67db00d8fe636035e545',0,0,36,'','100000000000','','0','',600,'',1,'','dir_total','',0),(43,'6b0fe4aa6aaf22ef9cfbbe96d87fa0d7',0,0,36,'','100000000000','','0','',600,'',1,'','dir_used','',0),(44,'4c82df790325d789d304e6ee5cd4ab7d',0,0,37,'','0','','0','',600,'',1,'','hdd_free','',0),(46,'c802e2fd77f5b0a4c4298951bf65957c',0,0,38,'','10000000','','0','',600,'',2,'','errors_in','',0),(47,'4e2a72240955380dc8ffacfcc8c09874',0,0,38,'','10000000','','0','',600,'',2,'','discards_in','',0),(48,'636672962b5bb2f31d86985e2ab4bdfe',0,0,39,'','1000000000','','0','',600,'',2,'','unicast_in','',0),(49,'18ce92c125a236a190ee9dd948f56268',0,0,39,'','1000000000','','0','',600,'',2,'','unicast_out','',0),(50,'13ebb33f9cbccfcba828db1075a8167c',0,0,38,'','10000000','','0','',600,'',2,'','discards_out','',0),(51,'31399c3725bee7e09ec04049e3d5cd17',0,0,38,'','10000000','','0','',600,'',2,'','errors_out','',0),(52,'7be68cbc4ee0b2973eb9785f8c7a35c7',0,0,40,'','1000000000','','0','',600,'',2,'','nonunicast_out','',0),(53,'93e2b6f59b10b13f2ddf2da3ae98b89a',0,0,40,'on','1000000000','','0','',600,'',2,'','nonunicast_in','',0),(54,'2df25c57022b0c7e7d0be4c035ada1a0',0,0,41,'on','100000000','','0','',600,'',2,'','traffic_in','',0),(55,'721c0794526d1ac1c359f27dc56faa49',0,0,41,'on','100000000','','0','',600,'',2,'','traffic_out','',0),(56,'07175541991def89bd02d28a215f6fcc',0,0,37,'','0','','0','',600,'',1,'','hdd_used','',0),(76,'07492e5cace6d74e7db3cb1fc005a3f3',0,0,42,'','100','','0','',600,'',1,'','cpu','',0),(78,'0ee6bb54957f6795a5369a29f818d860',0,0,43,'','0','','0','',600,'',1,'','hdd_used','',0),(79,'9825aaf7c0bdf1554c5b4b86680ac2c0',0,0,44,'','100','','0','',600,'',1,'','cpu','',0),(80,'50ccbe193c6c7fc29fb9f726cd6c48ee',0,0,45,'','1000','','0','',600,'',1,'','proc','',0),(81,'9464c91bcff47f23085ae5adae6ab987',0,0,46,'','5000','','0','',600,'',1,'','users','',0),(292,'',55,155,41,NULL,'|query_ifSpeed|',NULL,'0',NULL,600,NULL,2,NULL,'traffic_out',NULL,0),(285,'',78,152,43,NULL,'0',NULL,'0',NULL,600,NULL,1,NULL,'hdd_used',NULL,0),(286,'',92,152,43,NULL,'0',NULL,'0',NULL,600,NULL,1,NULL,'hdd_total',NULL,0),(287,'',54,153,41,NULL,'|query_ifSpeed|',NULL,'0',NULL,600,NULL,2,NULL,'traffic_in',NULL,0),(92,'165a0da5f461561c85d092dfe96b9551',0,0,43,'','0','','0','',600,'',1,'','hdd_total','',0),(95,'7a6ca455bbeff99ca891371bc77d5cf9',0,0,47,'','10000000','','0','',600,'',1,'','mem_cache','',0),(96,'224b83ea73f55f8a861bcf4c9bea0472',0,0,48,'on','100','','0','',600,'on',1,'','snmp_oid','',0),(99,'64170c544001c9e983a8d262b4af956f',0,0,49,'','2000','','0','',600,'',1,'','ucd_hrSystemProcess','',0),(100,'b8d13c094553e1bec0c566074f7695ee',0,0,50,'','5000','','0','',600,'',1,'','users','',0),(101,'b690790867a290d04e1a72a7d136b7c7',0,0,51,'','0','','0','',600,'',1,'','ucd_tcpCurrEstab','',0),(102,'93ad0cf1641ff25ba52cb329644aefed',0,0,52,'','0','','0','',600,'',1,'','ucd_hrSystemUptime','',0),(103,'a7dbf2ab7f945657aa8ad4239b307332',0,0,53,'','0','','0','',600,'',1,'','ucd_sysUptime','',0),(104,'6867e46526d3a0cae0873f05f78c76e6',0,0,54,'','0','','0','',600,'',2,'','ucd_tcpActiveOpens','',0),(105,'3f355aed63173d048bad7b70c57b869d',0,0,55,'','0','','0','',600,'',2,'','ucd_tcpPassiveOpens','',0),(106,'f6d378a988f6c95081ea7f413dc712ae',0,0,56,'','0','','0','',600,'',2,'','ucd_tcpAttemptFails','',0),(107,'38422bfa8414f955b9ad3d1f2fcb5e4e',0,0,57,'','0','','0','',600,'',2,'','ucd_tcpEstabResets','',0),(108,'bc72f34ec30acbf1a3cf0fa7bdace3ba',0,0,58,'','0','','0','',600,'',1,'','ucd_memTotalReal','',0),(109,'42e5af44af62eacd28f4170a8f550b28',0,0,59,'','0','','0','',600,'',1,'','ucd_memAvailReal','',0),(110,'8b9aa174bc1cd0a9caaa4bc7f3210b43',0,0,60,'','0','','0','',600,'',1,'','ucd_memBuffer','',0),(111,'f3517e1cfc4bf4adf198dfadfe329631',0,0,61,'','0','','0','',600,'',1,'','ucd_memCached','',0),(112,'849a82c16880f8210d4ee58853a8b803',0,0,62,'','0','','0','',600,'',1,'','ucd_memShared','',0),(113,'69eb080053acdeb2a89d54040b855d1e',0,0,63,'','500','','0','',600,'',1,'','ucd_load5min','',0),(114,'0ccce45def578ac8bc1f9c71b7dd9b37',0,0,64,'','500','','0','',600,'',1,'','ucd_load15min','',0),(115,'27de74b0b4070189256b95df7e76a893',0,0,65,'','500','','0','',600,'',1,'','ucd_load1min','',0),(116,'e25d9a79ca767e0a144c70e71060e931',0,0,66,'','0','','0','',600,'',2,'','cpu_idle','',0),(290,'',56,154,37,NULL,'0',NULL,'0',NULL,600,NULL,1,NULL,'hdd_used',NULL,0),(289,'',44,154,37,NULL,'0',NULL,'0',NULL,600,NULL,1,NULL,'hdd_free',NULL,0),(288,'',55,153,41,NULL,'|query_ifSpeed|',NULL,'0',NULL,600,NULL,2,NULL,'traffic_out',NULL,0),(264,'',102,140,52,NULL,'0',NULL,'0',NULL,600,NULL,1,NULL,'ucd_hrSystemUptime',NULL,0),(263,'',101,139,51,NULL,'0',NULL,'0',NULL,600,NULL,1,NULL,'ucd_tcpCurrEstab',NULL,0),(262,'',105,138,55,NULL,'0',NULL,'0',NULL,600,NULL,2,NULL,'ucd_tcpPassiveOpens',NULL,0),(261,'',107,137,57,NULL,'0',NULL,'0',NULL,600,NULL,2,NULL,'ucd_tcpEstabResets',NULL,0),(260,'',106,136,56,NULL,'0',NULL,'0',NULL,600,NULL,2,NULL,'ucd_tcpAttemptFails',NULL,0),(259,'',104,135,54,NULL,'0',NULL,'0',NULL,600,NULL,2,NULL,'ucd_tcpActiveOpens',NULL,0),(258,'',99,134,49,NULL,'2000',NULL,'0',NULL,600,NULL,1,NULL,'ucd_hrSystemProcess',NULL,0),(257,'',108,133,58,NULL,'0',NULL,'0',NULL,600,NULL,1,NULL,'ucd_memTotalReal',NULL,0),(256,'',112,132,62,NULL,'0',NULL,'0',NULL,600,NULL,1,NULL,'ucd_memShared',NULL,0),(255,'',111,131,61,NULL,'0',NULL,'0',NULL,600,NULL,1,NULL,'ucd_memCached',NULL,0),(254,'',110,130,60,NULL,'0',NULL,'0',NULL,600,NULL,1,NULL,'ucd_memBuffer',NULL,0),(253,'',109,129,59,NULL,'0',NULL,'0',NULL,600,NULL,1,NULL,'ucd_memAvailReal',NULL,0),(252,'',113,128,63,NULL,'500',NULL,'0',NULL,600,NULL,1,NULL,'ucd_load5min',NULL,0),(251,'',115,127,65,NULL,'500',NULL,'0',NULL,600,NULL,1,NULL,'ucd_load1min',NULL,0),(250,'',114,126,64,NULL,'500',NULL,'0',NULL,600,NULL,1,NULL,'ucd_load15min',NULL,0),(249,'',6,125,5,NULL,'100',NULL,'0',NULL,600,NULL,2,NULL,'cpu_user',NULL,0),(248,'',5,124,4,NULL,'100',NULL,'0',NULL,600,NULL,2,NULL,'cpu_system',NULL,0),(247,'',7,123,6,NULL,'100',NULL,'0',NULL,600,NULL,2,NULL,'cpu_nice',NULL,0),(246,'',116,122,66,NULL,'0',NULL,'0',NULL,600,NULL,2,NULL,'cpu_idle',NULL,0),(291,'',54,155,41,NULL,'|query_ifSpeed|',NULL,'0',NULL,600,NULL,2,NULL,'traffic_in',NULL,0),(282,'',92,150,43,NULL,'0',NULL,'0',NULL,600,NULL,1,NULL,'hdd_total',NULL,0),(281,'',78,150,43,NULL,'0',NULL,'0',NULL,600,NULL,1,NULL,'hdd_used',NULL,0),(280,'',92,149,43,NULL,'0',NULL,'0',NULL,600,NULL,1,NULL,'hdd_total',NULL,0),(279,'',78,149,43,NULL,'0',NULL,'0',NULL,600,NULL,1,NULL,'hdd_used',NULL,0),(278,'',92,148,43,NULL,'0',NULL,'0',NULL,600,NULL,1,NULL,'hdd_total',NULL,0),(277,'',78,148,43,NULL,'0',NULL,'0',NULL,600,NULL,1,NULL,'hdd_used',NULL,0),(276,'',92,147,43,NULL,'0',NULL,'0',NULL,600,NULL,1,NULL,'hdd_total',NULL,0),(275,'',78,147,43,NULL,'0',NULL,'0',NULL,600,NULL,1,NULL,'hdd_used',NULL,0),(274,'',92,146,43,NULL,'0',NULL,'0',NULL,600,NULL,1,NULL,'hdd_total',NULL,0),(273,'',78,146,43,NULL,'0',NULL,'0',NULL,600,NULL,1,NULL,'hdd_used',NULL,0),(272,'',92,145,43,NULL,'0',NULL,'0',NULL,600,NULL,1,NULL,'hdd_total',NULL,0),(271,'',78,145,43,NULL,'0',NULL,'0',NULL,600,NULL,1,NULL,'hdd_used',NULL,0),(270,'',20,144,17,NULL,'500',NULL,'0',NULL,600,NULL,1,NULL,'users',NULL,21),(269,'',14,143,11,NULL,'500',NULL,'0',NULL,600,NULL,1,NULL,'load_15min',NULL,19),(268,'',13,143,11,NULL,'500',NULL,'0',NULL,600,NULL,1,NULL,'load_5min',NULL,18),(267,'',12,143,11,NULL,'500',NULL,'0',NULL,600,NULL,1,NULL,'load_1min',NULL,17),(266,'',100,142,50,NULL,'5000',NULL,'0',NULL,600,NULL,1,NULL,'users',NULL,0),(265,'',103,141,53,NULL,'0',NULL,'0',NULL,600,NULL,1,NULL,'ucd_sysUptime',NULL,0);
/*!40000 ALTER TABLE `data_template_rrd` ENABLE KEYS */;
UNLOCK TABLES;

--
-- Table structure for table `graph_local`
--

DROP TABLE IF EXISTS `graph_local`;
/*!40101 SET @saved_cs_client     = @@character_set_client */;
/*!40101 SET character_set_client = utf8 */;
CREATE TABLE `graph_local` (
  `id` mediumint(8) unsigned NOT NULL AUTO_INCREMENT,
  `graph_template_id` mediumint(8) unsigned NOT NULL DEFAULT '0',
  `host_id` mediumint(8) unsigned NOT NULL DEFAULT '0',
  `snmp_query_id` mediumint(8) NOT NULL DEFAULT '0',
  `snmp_index` varchar(255) NOT NULL DEFAULT '',
  PRIMARY KEY (`id`),
  KEY `host_id` (`host_id`),
  KEY `graph_template_id` (`graph_template_id`),
  KEY `snmp_query_id` (`snmp_query_id`),
  KEY `snmp_index` (`snmp_index`)
) ENGINE=MyISAM AUTO_INCREMENT=81 DEFAULT CHARSET=latin1 COMMENT='Creates a relationship for each item in a custom graph.';
/*!40101 SET character_set_client = @saved_cs_client */;

--
-- Dumping data for table `graph_local`
--

LOCK TABLES `graph_local` WRITE;
/*!40000 ALTER TABLE `graph_local` DISABLE KEYS */;
INSERT INTO `graph_local` VALUES (79,21,8,6,'/dev/disk/by-label/DOROOT'),(78,2,8,1,'2'),(77,26,8,8,'31'),(80,2,8,1,'2'),(75,26,8,8,'10'),(74,26,8,8,'8'),(73,26,8,8,'7'),(68,9,8,0,''),(67,36,8,0,''),(66,38,8,0,''),(65,37,8,0,''),(64,39,8,0,''),(63,35,8,0,''),(62,40,8,0,''),(61,41,8,0,''),(60,42,8,0,''),(72,26,8,8,'6'),(71,26,8,8,'3'),(70,26,8,8,'1'),(69,10,8,0,'');
/*!40000 ALTER TABLE `graph_local` ENABLE KEYS */;
UNLOCK TABLES;

--
-- Table structure for table `graph_template_input`
--

DROP TABLE IF EXISTS `graph_template_input`;
/*!40101 SET @saved_cs_client     = @@character_set_client */;
/*!40101 SET character_set_client = utf8 */;
CREATE TABLE `graph_template_input` (
  `id` mediumint(8) unsigned NOT NULL AUTO_INCREMENT,
  `hash` varchar(32) NOT NULL DEFAULT '',
  `graph_template_id` mediumint(8) unsigned NOT NULL DEFAULT '0',
  `name` varchar(255) NOT NULL DEFAULT '',
  `description` text,
  `column_name` varchar(50) NOT NULL DEFAULT '',
  PRIMARY KEY (`id`)
) ENGINE=MyISAM AUTO_INCREMENT=106 DEFAULT CHARSET=latin1 COMMENT='Stores the names for graph item input groups.';
/*!40101 SET character_set_client = @saved_cs_client */;

--
-- Dumping data for table `graph_template_input`
--

LOCK TABLES `graph_template_input` WRITE;
/*!40000 ALTER TABLE `graph_template_input` DISABLE KEYS */;
INSERT INTO `graph_template_input` VALUES (3,'e9d4191277fdfd7d54171f153da57fb0',2,'Inbound Data Source','','task_item_id'),(4,'7b361722a11a03238ee8ab7ce44a1037',2,'Outbound Data Source','','task_item_id'),(5,'b33eb27833614056e06ee5952c3e0724',3,'Available Disk Space Data Source','','task_item_id'),(6,'ef8799e63ee00e8904bcc4228015784a',3,'Used Disk Space Data Source','','task_item_id'),(7,'2662ef4fbb0bf92317ffd42c7515af37',5,'Signal Level Data Source','','task_item_id'),(8,'a6edef6624c796d3a6055305e2e3d4bf',5,'Noise Level Data Source','','task_item_id'),(9,'b0e902db1875e392a9d7d69bfbb13515',5,'Signal Level Color','','color_id'),(10,'24632b1d4a561e937225d0a5fbe65e41',5,'Noise Level Color','','color_id'),(11,'6d078f1d58b70ad154a89eb80fe6ab75',6,'Transmissions Data Source','','task_item_id'),(12,'878241872dd81c68d78e6ff94871d97d',6,'Re-Transmissions Data Source','','task_item_id'),(13,'f8fcdc3a3f0e8ead33bd9751895a3462',6,'Transmissions Color','','color_id'),(14,'394ab4713a34198dddb5175aa40a2b4a',6,'Re-Transmissions Color','','color_id'),(15,'433f328369f9569446ddc59555a63eb8',7,'Ping Host Data Source','','task_item_id'),(16,'a1a91c1514c65152d8cb73522ea9d4e6',7,'Legend Color','','color_id'),(17,'2fb4deb1448379b27ddc64e30e70dc42',7,'Legend Text','','text_format'),(18,'592cedd465877bc61ab549df688b0b2a',8,'Processes Data Source','','task_item_id'),(19,'1d51dbabb200fcea5c4b157129a75410',8,'Legend Color','','color_id'),(20,'8cb8ed3378abec21a1819ea52dfee6a3',9,'1 Minute Data Source','','task_item_id'),(21,'5dfcaf9fd771deb8c5430bce1562e371',9,'5 Minute Data Source','','task_item_id'),(22,'6f3cc610315ee58bc8e0b1f272466324',9,'15 Minute Data Source','','task_item_id'),(23,'b457a982bf46c6760e6ef5f5d06d41fb',10,'Logged in Users Data Source','','task_item_id'),(24,'bd4a57adf93c884815b25a8036b67f98',10,'Legend Color','','color_id'),(25,'d7cdb63500c576e0f9f354de42c6cf3a',11,'1 Minute Data Source','','task_item_id'),(26,'a23152f5ec02e7762ca27608c0d89f6c',11,'5 Minute Data Source','','task_item_id'),(27,'2cc5d1818da577fba15115aa18f64d85',11,'15 Minute Data Source','','task_item_id'),(30,'6273c71cdb7ed4ac525cdbcf6180918c',12,'Free Data Source','','task_item_id'),(31,'5e62dbea1db699f1bda04c5863e7864d',12,'Swap Data Source','','task_item_id'),(32,'4d52e112a836d4c9d451f56602682606',4,'System CPU Data Source','','task_item_id'),(33,'f0310b066cc919d2f898b8d1ebf3b518',4,'User CPU Data Source','','task_item_id'),(34,'d9eb6b9eb3d7dd44fd14fdefb4096b54',4,'Nice CPU Data Source','','task_item_id'),(35,'f45def7cad112b450667aa67262258cb',13,'Memory Free Data Source','','task_item_id'),(36,'f8c361a8c8b7ad80e8be03ba7ea5d0d6',13,'Memory Buffers Data Source','','task_item_id'),(37,'03d11dce695963be30bd744bd6cbac69',14,'Cache Hits Data Source','','task_item_id'),(38,'9cbc515234779af4bf6cdf71a81c556a',14,'Cache Checks Data Source','','task_item_id'),(39,'2c4d561ee8132a8dda6de1104336a6ec',15,'CPU Utilization Data Source','','task_item_id'),(40,'6e1cf7addc0cc419aa903552e3eedbea',16,'File System Reads Data Source','','task_item_id'),(41,'7ea2aa0656f7064d25a36135dd0e9082',16,'File System Writes Data Source','','task_item_id'),(42,'63480bca78a38435f24a5b5d5ed050d7',17,'Current Logins Data Source','','task_item_id'),(44,'31fed1f9e139d4897d0460b10fb7be94',15,'Legend Color','','color_id'),(45,'bb9d83a02261583bc1f92d9e66ea705d',18,'CPU Usage Data Source','','task_item_id'),(46,'51196222ed37b44236d9958116028980',18,'Legend Color','','color_id'),(47,'fd26b0f437b75715d6dff983e7efa710',19,'Free Space Data Source','','task_item_id'),(48,'a463dd46862605c90ea60ccad74188db',19,'Total Space Data Source','','task_item_id'),(49,'9977dd7a41bcf0f0c02872b442c7492e',19,'Freeable Space Data Source','','task_item_id'),(51,'a7a69bbdf6890d6e6eaa7de16e815ec6',20,'Used Directory Entries Data Source','','task_item_id'),(52,'0072b613a33f1fae5ce3e5903dec8fdb',20,'Available Directory Entries Data Source','','task_item_id'),(53,'940beb0f0344e37f4c6cdfc17d2060bc',21,'Available Disk Space Data Source','','task_item_id'),(54,'7b0674dd447a9badf0d11bec688028a8',21,'Used Disk Space Data Source','','task_item_id'),(55,'fa83cd3a3b4271b644cb6459ea8c35dc',22,'Discards In Data Source','','task_item_id'),(56,'7946e8ee1e38a65462b85e31a15e35e5',22,'Errors In Data Source','','task_item_id'),(57,'00ae916640272f5aca54d73ae34c326b',23,'Unicast Packets Out Data Source','','task_item_id'),(58,'1bc1652f82488ebfb7242c65d2ffa9c7',23,'Unicast Packets In Data Source','','task_item_id'),(59,'e3177d0e56278de320db203f32fb803d',24,'Non-Unicast Packets In Data Source','','task_item_id'),(60,'4f20fba2839764707f1c3373648c5fef',24,'Non-Unicast Packets Out Data Source','','task_item_id'),(61,'e5acdd5368137c408d56ecf55b0e077c',22,'Discards Out Data Source','','task_item_id'),(62,'a028e586e5fae667127c655fe0ac67f0',22,'Errors Out Data Source','','task_item_id'),(63,'2764a4f142ba9fd95872106a1b43541e',25,'Inbound Data Source','','task_item_id'),(64,'f73f7ddc1f4349356908122093dbfca2',25,'Outbound Data Source','','task_item_id'),(65,'86bd8819d830a81d64267761e1fd8ec4',26,'Total Disk Space Data Source','','task_item_id'),(66,'6c8967850102202de166951e4411d426',26,'Used Disk Space Data Source','','task_item_id'),(67,'bdad718851a52b82eca0a310b0238450',27,'CPU Utilization Data Source','','task_item_id'),(68,'e7b578e12eb8a82627557b955fd6ebd4',27,'Legend Color','','color_id'),(69,'37d09fb7ce88ecec914728bdb20027f3',28,'Logged in Users Data Source','','task_item_id'),(70,'699bd7eff7ba0c3520db3692103a053d',28,'Legend Color','','color_id'),(71,'df905e159d13a5abed8a8a7710468831',29,'Processes Data Source','','task_item_id'),(72,'8ca9e3c65c080dbf74a59338d64b0c14',29,'Legend Color','','color_id'),(73,'69ad68fc53af03565aef501ed5f04744',30,'Open Files Data Source','','task_item_id'),(74,'562726cccdb67d5c6941e9e826ef4ef5',31,'Inbound Data Source','','task_item_id'),(75,'82426afec226f8189c8928e7f083f80f',31,'Outbound Data Source','','task_item_id'),(76,'69a23877302e7d142f254b208c58b596',32,'Inbound Data Source','','task_item_id'),(77,'f28013abf8e5813870df0f4111a5e695',32,'Outbound Data Source','','task_item_id'),(78,'8644b933b6a09dde6c32ff24655eeb9a',33,'Outbound Data Source','','task_item_id'),(79,'49c4b4800f3e638a6f6bb681919aea80',33,'Inbound Data Source','','task_item_id'),(80,'e0b395be8db4f7b938d16df7ae70065f',13,'Cache Memory Data Source','','task_item_id'),(81,'2dca37011521501b9c2b705d080db750',34,'Data Source [snmp_oid]',NULL,'task_item_id'),(82,'b8d8ade5f5f3dd7b12f8cc56bbb4083e',34,'Legend Color','','color_id'),(83,'ac2355b4895c37e14df827f969f31c12',34,'Legend Text','','text_format'),(84,'2e349b5c86cedefda00c865cc2ce9bc4',35,'Data Source [ucd_hrSystemProcess]','','task_item_id'),(85,'b4d1c2594fbba452f772586239631bd7',36,'Data Source [users]','','task_item_id'),(86,'9394e0cd7b4a8886e750fb03b733d683',37,'Data Source [ucd_tcpCurrEstab]','','task_item_id'),(87,'2a3af15fa5b19662960326f696c50c4f',38,'Data Source [ucd_hrSystemUptime]','','task_item_id'),(88,'a4286ffca0b206199c9e4a198143c01d',38,'Data Source [ucd_sysUptime]','','task_item_id'),(89,'6bdf1b4bb674bacd3d34bc9a0921927a',39,'Data Source [ucd_tcpAttemptFails]','','task_item_id'),(90,'118cbe71469bb9050e103a70fae2bba8',39,'Data Source [ucd_tcpActiveOpens]','','task_item_id'),(91,'d243c1fabebac70b7e5b63b79e6413d0',39,'Data Source [ucd_tcpPassiveOpens]','','task_item_id'),(92,'87f115ede54b93b08813385fc3ba0248',39,'Data Source [ucd_tcpEstabResets]','','task_item_id'),(93,'910dbed0a71b01b269756ac9a5c256f6',40,'Data Source [ucd_memCached]','','task_item_id'),(94,'8bb989ec172f09be0a64fde044a646ea',40,'Data Source [ucd_memAvailReal]','','task_item_id'),(95,'cc82a9f95024cd36423301341eb8ee68',40,'Data Source [ucd_memBuffer]','','task_item_id'),(96,'b81e159aeb7d6da2c556287b53ee0462',40,'Data Source [ucd_memCached]','','task_item_id'),(97,'d25443003cb979c51f324dc5640c22a2',40,'Data Source [ucd_memShared]','','task_item_id'),(98,'195b5f87e230b13abb2169c71ba2b954',40,'Data Source [ucd_memTotalReal]','','task_item_id'),(99,'1d7da4db75af3f03b73e12b90d3ed8b0',41,'Data Source [ucd_load15min]','','task_item_id'),(100,'bcfbc340ddff31b2ded688ad1aafb8e2',41,'Data Source [ucd_load1min]','','task_item_id'),(101,'c851724a92bba7931d4661745c4585dd',41,'Data Source [ucd_load5min]','','task_item_id'),(102,'3774a5a48eb51f7578a59bd2bb63891d',42,'System CPU Data Source','','task_item_id'),(103,'37220fc0705f920341ba59d02c825b91',42,'User CPU Data Source','','task_item_id'),(104,'397ca3471741b1317cca8aa9f71a9bf2',42,'Nice CPU Data Source','','task_item_id'),(105,'89faadf535a6cf9a8ea13cd89a23c3bd',42,'Data Source [cpu_idle]','','task_item_id');
/*!40000 ALTER TABLE `graph_template_input` ENABLE KEYS */;
UNLOCK TABLES;

--
-- Table structure for table `graph_template_input_defs`
--

DROP TABLE IF EXISTS `graph_template_input_defs`;
/*!40101 SET @saved_cs_client     = @@character_set_client */;
/*!40101 SET character_set_client = utf8 */;
CREATE TABLE `graph_template_input_defs` (
  `graph_template_input_id` mediumint(8) unsigned NOT NULL DEFAULT '0',
  `graph_template_item_id` int(12) unsigned NOT NULL DEFAULT '0',
  PRIMARY KEY (`graph_template_input_id`,`graph_template_item_id`),
  KEY `graph_template_input_id` (`graph_template_input_id`)
) ENGINE=MyISAM DEFAULT CHARSET=latin1 COMMENT='Stores the relationship for what graph iitems are associated';
/*!40101 SET character_set_client = @saved_cs_client */;

--
-- Dumping data for table `graph_template_input_defs`
--

LOCK TABLES `graph_template_input_defs` WRITE;
/*!40000 ALTER TABLE `graph_template_input_defs` DISABLE KEYS */;
INSERT INTO `graph_template_input_defs` VALUES (3,9),(3,10),(3,11),(3,12),(4,13),(4,14),(4,15),(4,16),(5,21),(5,22),(5,23),(5,24),(6,17),(6,18),(6,19),(6,20),(7,45),(7,46),(7,47),(7,48),(8,49),(8,50),(8,51),(8,52),(9,45),(10,49),(11,53),(11,54),(11,55),(11,56),(12,57),(12,58),(12,59),(12,60),(13,53),(14,57),(15,61),(15,62),(15,63),(15,64),(16,61),(17,61),(18,65),(18,66),(18,67),(18,68),(19,65),(20,69),(20,70),(21,71),(21,72),(22,73),(22,74),(23,76),(23,77),(23,78),(23,79),(24,76),(25,80),(25,81),(26,82),(26,83),(27,84),(27,85),(30,95),(30,96),(30,97),(30,98),(31,99),(31,100),(31,101),(31,102),(32,29),(32,30),(32,31),(32,32),(33,33),(33,34),(33,35),(33,36),(34,37),(34,38),(34,39),(34,40),(35,103),(35,104),(35,105),(35,106),(36,107),(36,108),(36,109),(36,110),(37,111),(37,112),(37,113),(37,114),(38,115),(38,116),(38,117),(38,118),(39,119),(39,120),(39,121),(39,122),(40,123),(40,124),(40,125),(40,126),(41,127),(41,128),(41,129),(41,130),(42,131),(42,132),(42,133),(42,134),(44,119),(45,139),(45,140),(45,141),(45,142),(46,139),(47,143),(47,144),(47,145),(47,146),(48,147),(48,148),(48,149),(48,150),(49,151),(49,152),(49,153),(49,154),(51,159),(51,160),(51,161),(51,162),(52,163),(52,164),(52,165),(52,166),(53,172),(53,173),(53,174),(53,175),(54,167),(54,169),(54,170),(54,171),(55,180),(55,181),(55,182),(55,183),(56,184),(56,185),(56,186),(56,187),(57,188),(57,189),(57,190),(57,191),(57,521),(58,192),(58,193),(58,194),(58,195),(59,196),(59,197),(59,198),(59,199),(60,200),(60,201),(60,202),(60,203),(60,523),(61,204),(61,205),(61,206),(61,207),(62,208),(62,209),(62,210),(62,211),(62,519),(63,212),(63,213),(63,214),(63,215),(64,216),(64,217),(64,218),(64,219),(65,307),(65,308),(65,309),(65,310),(66,303),(66,304),(66,305),(66,306),(67,315),(67,316),(67,317),(67,318),(68,315),(69,319),(69,320),(69,321),(69,322),(70,319),(71,323),(71,324),(71,325),(71,326),(72,323),(73,358),(73,359),(73,360),(73,361),(74,362),(74,363),(74,364),(74,365),(74,526),(74,527),(74,528),(75,366),(75,367),(75,368),(75,369),(75,371),(75,372),(75,530),(75,531),(76,373),(76,374),(76,375),(76,376),(76,383),(77,377),(77,378),(77,379),(77,380),(77,384),(77,534),(78,385),(78,386),(78,387),(78,388),(78,393),(78,536),(79,389),(79,390),(79,391),(79,392),(79,394),(80,403),(80,404),(80,405),(80,406),(81,407),(81,408),(81,409),(81,410),(82,407),(83,407),(84,423),(84,424),(84,425),(84,426),(85,428),(85,429),(85,430),(85,431),(86,433),(86,434),(86,435),(86,436),(86,437),(87,439),(87,440),(87,441),(87,442),(88,443),(88,444),(88,445),(88,446),(89,460),(89,461),(89,462),(89,463),(90,452),(90,453),(90,454),(90,455),(91,448),(91,449),(91,450),(91,451),(92,456),(92,457),(92,458),(92,459),(94,474),(95,476),(95,477),(95,478),(95,479),(95,480),(96,481),(96,482),(96,484),(96,485),(97,475),(97,483),(97,486),(97,487),(97,488),(97,489),(97,490),(98,465),(98,466),(98,467),(98,468),(98,469),(99,495),(99,496),(100,491),(100,492),(101,493),(101,494),(102,498),(102,499),(102,500),(102,501),(102,502),(103,503),(103,504),(103,505),(103,506),(103,507),(104,508),(104,509),(104,510),(104,511),(104,512),(105,497),(105,513),(105,514),(105,515),(105,516),(105,517);
/*!40000 ALTER TABLE `graph_template_input_defs` ENABLE KEYS */;
UNLOCK TABLES;

--
-- Table structure for table `graph_templates`
--

DROP TABLE IF EXISTS `graph_templates`;
/*!40101 SET @saved_cs_client     = @@character_set_client */;
/*!40101 SET character_set_client = utf8 */;
CREATE TABLE `graph_templates` (
  `id` mediumint(8) unsigned NOT NULL AUTO_INCREMENT,
  `hash` char(32) NOT NULL DEFAULT '',
  `name` char(255) NOT NULL DEFAULT '',
  PRIMARY KEY (`id`),
  KEY `name` (`name`)
) ENGINE=MyISAM AUTO_INCREMENT=43 DEFAULT CHARSET=latin1 COMMENT='Contains each graph template name.';
/*!40101 SET character_set_client = @saved_cs_client */;

--
-- Dumping data for table `graph_templates`
--

LOCK TABLES `graph_templates` WRITE;
/*!40000 ALTER TABLE `graph_templates` DISABLE KEYS */;
INSERT INTO `graph_templates` VALUES (34,'010b90500e1fc6a05abfd542940584d0','SNMP - Generic OID Template'),(2,'5deb0d66c81262843dce5f3861be9966','Interface - Traffic (bits/sec)'),(3,'abb5e813c9f1e8cd6fc1e393092ef8cb','ucd/net - Available Disk Space'),(4,'e334bdcf821cd27270a4cc945e80915e','ucd/net - CPU Usage'),(5,'280e38336d77acde4672879a7db823f3','Karlnet - Wireless Levels'),(6,'3109d88e6806d2ce50c025541b542499','Karlnet - Wireless Transmissions'),(7,'cf96dfb22b58e08bf101ca825377fa4b','Unix - Ping Latency'),(8,'9fe8b4da353689d376b99b2ea526cc6b','Unix - Processes'),(9,'fe5edd777a76d48fc48c11aded5211ef','Unix - Load Average'),(10,'63610139d44d52b195cc375636653ebd','Unix - Logged in Users'),(11,'5107ec0206562e77d965ce6b852ef9d4','ucd/net - Load Average'),(12,'6992ed4df4b44f3d5595386b8298f0ec','Linux - Memory Usage'),(13,'be275639d5680e94c72c0ebb4e19056d','ucd/net - Memory Usage'),(14,'f17e4a77b8496725dc924b8c35b60036','Netware - File System Cache'),(15,'46bb77f4c0c69671980e3c60d3f22fa9','Netware - CPU Utilization'),(16,'8e77a3036312fd0fda32eaea2b5f141b','Netware - File System Activity'),(17,'5892c822b1bb2d38589b6c27934b9936','Netware - Logged In Users'),(18,'9a5e6d7781cc1bd6cf24f64dd6ffb423','Cisco - CPU Usage'),(19,'0dd0438d5e6cad6776f79ecaa96fb708','Netware - Volume Information'),(20,'b18a3742ebea48c6198412b392d757fc','Netware - Directory Information'),(21,'8e7c8a511652fe4a8e65c69f3d34779d','Unix - Available Disk Space'),(22,'06621cd4a9289417cadcb8f9b5cfba80','Interface - Errors/Discards'),(23,'e0d1625a1f4776a5294583659d5cee15','Interface - Unicast Packets'),(24,'10ca5530554da7b73dc69d291bf55d38','Interface - Non-Unicast Packets'),(25,'df244b337547b434b486662c3c5c7472','Interface - Traffic (bytes/sec)'),(26,'7489e44466abee8a7d8636cb2cb14a1a','Host MIB - Available Disk Space'),(27,'c6bb62bedec4ab97f9db9fd780bd85a6','Host MIB - CPU Utilization'),(28,'e8462bbe094e4e9e814d4e681671ea82','Host MIB - Logged in Users'),(29,'62205afbd4066e5c4700338841e3901e','Host MIB - Processes'),(30,'e3780a13b0f7a3f85a44b70cd4d2fd36','Netware - Open Files'),(31,'1742b2066384637022d178cc5072905a','Interface - Traffic (bits/sec, 95th Percentile)'),(32,'13b47e10b2d5db45707d61851f69c52b','Interface - Traffic (bits/sec, Total Bandwidth)'),(33,'8ad6790c22b693680e041f21d62537ac','Interface - Traffic (bytes/sec, Total Bandwidth)'),(35,'380399f4dc6df7803ab96da631e743fd','ucd/net - Processes'),(36,'c356cf418106cf21f8d4259e7c7a3f47','ucd/net - Users Logged On'),(37,'342319185993fd4634cca227b046df77','ucd/net - TCP Current Established'),(38,'1ce60f64b79ab0c237198562588316d4','ucd/net - Uptime'),(39,'4eabbc2dc290ebc969315c493a4df08b','ucd/net - TCP Counters'),(40,'48ec06833fc67b7be7ad29a60ed56ada','ucd/net - Memory Usage (enhanced)'),(41,'7c99a4130b6a7976cbd91d1564f3ab28','ucd/net - Load Average (enhanced)'),(42,'92d54248570ddd50d74c86073dc4cebe','ucd/net - CPU Usage (enhanced)');
/*!40000 ALTER TABLE `graph_templates` ENABLE KEYS */;
UNLOCK TABLES;

--
-- Table structure for table `graph_templates_gprint`
--

DROP TABLE IF EXISTS `graph_templates_gprint`;
/*!40101 SET @saved_cs_client     = @@character_set_client */;
/*!40101 SET character_set_client = utf8 */;
CREATE TABLE `graph_templates_gprint` (
  `id` mediumint(8) unsigned NOT NULL AUTO_INCREMENT,
  `hash` varchar(32) NOT NULL DEFAULT '',
  `name` varchar(100) NOT NULL DEFAULT '',
  `gprint_text` varchar(255) DEFAULT NULL,
  PRIMARY KEY (`id`)
) ENGINE=MyISAM AUTO_INCREMENT=6 DEFAULT CHARSET=latin1;
/*!40101 SET character_set_client = @saved_cs_client */;

--
-- Dumping data for table `graph_templates_gprint`
--

LOCK TABLES `graph_templates_gprint` WRITE;
/*!40000 ALTER TABLE `graph_templates_gprint` DISABLE KEYS */;
INSERT INTO `graph_templates_gprint` VALUES (2,'e9c43831e54eca8069317a2ce8c6f751','Normal','%8.2lf %s'),(3,'19414480d6897c8731c7dc6c5310653e','Exact Numbers','%8.0lf'),(4,'304a778405392f878a6db435afffc1e9','Load Average','%8.2lf'),(5,'fc9f65c03c3566d93c3a28e1cb5aac93','Percentage as Decimal','%6.2lf%%');
/*!40000 ALTER TABLE `graph_templates_gprint` ENABLE KEYS */;
UNLOCK TABLES;

--
-- Table structure for table `graph_templates_graph`
--

DROP TABLE IF EXISTS `graph_templates_graph`;
/*!40101 SET @saved_cs_client     = @@character_set_client */;
/*!40101 SET character_set_client = utf8 */;
CREATE TABLE `graph_templates_graph` (
  `id` mediumint(8) unsigned NOT NULL AUTO_INCREMENT,
  `local_graph_template_graph_id` mediumint(8) unsigned NOT NULL DEFAULT '0',
  `local_graph_id` mediumint(8) unsigned NOT NULL DEFAULT '0',
  `graph_template_id` mediumint(8) unsigned NOT NULL DEFAULT '0',
  `t_image_format_id` char(2) DEFAULT '0',
  `image_format_id` tinyint(1) NOT NULL DEFAULT '0',
  `t_title` char(2) DEFAULT '0',
  `title` varchar(255) NOT NULL DEFAULT '',
  `title_cache` varchar(255) NOT NULL DEFAULT '',
  `t_height` char(2) DEFAULT '0',
  `height` mediumint(8) NOT NULL DEFAULT '0',
  `t_width` char(2) DEFAULT '0',
  `width` mediumint(8) NOT NULL DEFAULT '0',
  `t_upper_limit` char(2) DEFAULT '0',
  `upper_limit` varchar(20) NOT NULL DEFAULT '0',
  `t_lower_limit` char(2) DEFAULT '0',
  `lower_limit` varchar(20) NOT NULL DEFAULT '0',
  `t_vertical_label` char(2) DEFAULT '0',
  `vertical_label` varchar(200) DEFAULT NULL,
  `t_slope_mode` char(2) DEFAULT '0',
  `slope_mode` char(2) DEFAULT 'on',
  `t_auto_scale` char(2) DEFAULT '0',
  `auto_scale` char(2) DEFAULT NULL,
  `t_auto_scale_opts` char(2) DEFAULT '0',
  `auto_scale_opts` tinyint(1) NOT NULL DEFAULT '0',
  `t_auto_scale_log` char(2) DEFAULT '0',
  `auto_scale_log` char(2) DEFAULT NULL,
  `t_scale_log_units` char(2) DEFAULT '0',
  `scale_log_units` char(2) DEFAULT NULL,
  `t_auto_scale_rigid` char(2) DEFAULT '0',
  `auto_scale_rigid` char(2) DEFAULT NULL,
  `t_auto_padding` char(2) DEFAULT '0',
  `auto_padding` char(2) DEFAULT NULL,
  `t_base_value` char(2) DEFAULT '0',
  `base_value` mediumint(8) NOT NULL DEFAULT '0',
  `t_grouping` char(2) DEFAULT '0',
  `grouping` char(2) NOT NULL DEFAULT '',
  `t_export` char(2) DEFAULT '0',
  `export` char(2) DEFAULT NULL,
  `t_unit_value` char(2) DEFAULT '0',
  `unit_value` varchar(20) DEFAULT NULL,
  `t_unit_exponent_value` char(2) DEFAULT '0',
  `unit_exponent_value` varchar(5) NOT NULL DEFAULT '',
  PRIMARY KEY (`id`),
  KEY `local_graph_id` (`local_graph_id`),
  KEY `graph_template_id` (`graph_template_id`),
  KEY `title_cache` (`title_cache`)
) ENGINE=MyISAM AUTO_INCREMENT=132 DEFAULT CHARSET=latin1 COMMENT='Stores the actual graph data.';
/*!40101 SET character_set_client = @saved_cs_client */;

--
-- Dumping data for table `graph_templates_graph`
--

LOCK TABLES `graph_templates_graph` WRITE;
/*!40000 ALTER TABLE `graph_templates_graph` DISABLE KEYS */;
INSERT INTO `graph_templates_graph` VALUES (2,0,0,2,'',1,'on','|host_hostname| - Traffic - |query_ifName|','','',120,'',500,'','100','','0','','bits per second','','on','','on','',2,'','','','','','on','','on','',1000,'0','','','on','','','',''),(3,0,0,3,'',1,'on','|host_description| - Hard Drive Space','','',120,'',500,'','100','','0','','bytes','0','on','','on','',2,'','','0','','','on','','on','',1024,'0','','','on','','','',''),(4,0,0,4,'',1,'','|host_description| - CPU Usage','','',120,'',500,'','100','','0','','percent','0','on','','on','',2,'','','0','','','on','','on','',1000,'0','','','on','','','',''),(5,0,0,5,'',1,'on','|host_description| - Wireless Levels','','',120,'',500,'','100','','0','','percent','0','on','','','',2,'','','0','','','on','','on','',1000,'0','','','on','','','',''),(6,0,0,6,'',1,'on','|host_description| - Wireless Transmissions','','',120,'',500,'','100','','0','','transmissions','0','on','','on','',2,'','','0','','','on','','on','',1000,'0','','','on','','','',''),(7,0,0,7,'',1,'','|host_description| - Ping Latency','','',120,'',500,'','100','','0','','milliseconds','0','on','','on','',2,'','','0','','','','','on','',1000,'0','','','on','','','',''),(8,0,0,8,'',1,'','|host_description| - Processes','','',120,'',500,'','100','','0','','processes','0','on','','on','',2,'','','0','','','','','on','',1000,'0','','','on','','','',''),(9,0,0,9,'',1,'','|host_description| - Load Average','','',120,'',500,'','100','','0','','processes in the run queue','0','on','','on','',2,'','','0','','','on','','on','',1000,'0','','','on','','','','0'),(10,0,0,10,'',1,'','|host_description| - Logged in Users','','',120,'',500,'','100','','0','','users','0','on','','on','',2,'','','0','','','on','','on','',1000,'0','','','on','','','',''),(11,0,0,11,'',1,'','|host_description| - Load Average','','',120,'',500,'','100','','0','','processes in the run queue','0','on','','on','',2,'','','0','','','on','','on','',1000,'0','','','on','','','','0'),(12,0,0,12,'',1,'','|host_description| - Memory Usage','','',120,'',500,'','100','','0','','kilobytes','0','on','','on','',2,'','','0','','','on','','on','',1000,'0','','','on','','','',''),(13,0,0,13,'',1,'','|host_description| - Memory Usage','','',120,'',500,'','100','','0','','bytes','0','on','','on','',2,'','','0','','','on','','on','',1000,'0','','','on','','','',''),(14,0,0,14,'',1,'','|host_description| - File System Cache','','',120,'',500,'','100','','0','','cache checks/hits','0','on','','on','',2,'','','0','','','on','','on','',1000,'0','','','on','','','',''),(15,0,0,15,'',1,'','|host_description| - CPU Utilization','','',120,'',500,'','100','','0','','percent','0','on','','on','',2,'','','0','','','on','','on','',1000,'0','','','on','','','',''),(16,0,0,16,'',1,'','|host_description| - File System Activity','','',120,'',500,'','100','','0','','reads/writes per sec','0','on','','on','',2,'','','0','','','on','','on','',1000,'0','','','on','','','',''),(17,0,0,17,'',1,'','|host_description| - Logged In Users','','',120,'',500,'','100','','0','','users','0','on','','on','',2,'','','0','','','on','','on','',1000,'0','','','on','','','',''),(18,0,0,18,'',1,'','|host_description| - CPU Usage','','',120,'',500,'','100','','0','','percent','0','on','','on','',2,'','','0','','','on','','on','',1000,'0','','','on','','','',''),(19,0,0,19,'',1,'on','|host_description| - Volume Information','','',120,'',500,'','100','','0','','bytes','0','on','','on','',2,'','','0','','','on','','on','',1000,'0','','','on','','','',''),(20,0,0,20,'',1,'','|host_description| - Directory Information','','',120,'',500,'','100','','0','','directory entries','0','on','','on','',2,'','','0','','','on','','on','',1000,'0','','','on','','','',''),(21,0,0,21,'',1,'on','|host_description| - Available Disk Space','','',120,'',500,'','100','','0','','bytes','0','on','','on','',2,'','','0','','','on','','on','',1024,'0','','','on','','','',''),(22,0,0,22,'',1,'on','|host_hostname| - Errors/Discards - |query_ifName|','','',120,'',500,'','100','','0','','errors/sec','0','on','','on','',2,'','','0','','','on','','on','',1000,'0','','','on','','','',''),(23,0,0,23,'',1,'on','|host_hostname| - Unicast Packets','','',120,'',500,'','100','','0','','packets/sec','0','on','','on','',2,'','','0','','','on','','on','',1000,'0','','','on','','','',''),(24,0,0,24,'',1,'on','|host_hostname| - Non-Unicast Packets','','',120,'',500,'','100','','0','','packets/sec','0','on','','on','',2,'','','0','','','on','','on','',1000,'0','','','on','','','',''),(25,0,0,25,'',1,'on','|host_hostname| - Traffic','','',120,'',500,'','100','','0','','bytes per second','0','on','','on','',2,'','','0','','','on','','on','',1000,'0','','','on','','','',''),(34,0,0,26,'',1,'on','|host_description| - Available Disk Space','','',120,'',500,'','100','','0','','bytes','0','on','','on','',2,'','','0','','','on','','on','',1024,'0','','','on','','','',''),(35,0,0,27,'',1,'on','|host_description| - CPU Utilization','','',120,'',500,'','100','','0','','percent','0','on','','on','',2,'','','0','','','on','','on','',1000,'0','','','on','','','',''),(36,0,0,28,'',1,'','|host_description| - Logged in Users','','',120,'',500,'','100','','0','','users','0','on','','on','',2,'','','0','','','on','','on','',1000,'0','','','on','','','',''),(37,0,0,29,'',1,'','|host_description| - Processes','','',120,'',500,'','100','','0','','processes','0','on','','on','',2,'','','0','','','','','on','',1000,'0','','','on','','','',''),(42,0,0,30,'',1,'','|host_description| - Open Files','','',120,'',500,'','100','','0','','files','0','on','','on','',2,'','','0','','','','','on','',1000,'0','','','on','','','',''),(43,0,0,31,'',1,'on','|host_hostname| - Traffic','','',120,'',500,'','100','','0','','bits per second','0','on','','on','',2,'','','0','','','on','','on','',1000,'0','','','on','','','',''),(44,0,0,32,'',1,'on','|host_hostname| - Traffic','','',120,'',500,'','100','','0','','bits per second','0','on','','on','',2,'','','0','','','on','','on','',1000,'0','','','on','','','',''),(45,0,0,33,'',1,'on','|host_hostname| - Traffic','','',120,'',500,'','100','','0','','bytes per second','0','on','','on','',2,'','','0','','','on','','on','',1000,'0','','','on','','','',''),(47,0,0,34,'',1,'on','|host_description| -','','',120,'',500,'','100','','0','on','','0','on','','on','',2,'','','0','','','','','on','',1000,'0','','','on','','','',''),(49,0,0,35,'',1,'','|host_description| - Processes','','',120,'',500,'','100','','0','','processes','','on','','on','',2,'','','','','','','','on','',1000,'0','','','on','','','',''),(50,0,0,36,'',1,'','|host_description| - Users Logged On','','',120,'',500,'','100','','0','','users','','on','','on','',2,'','','','','','','','on','',1000,'0','','','on','','','',''),(51,0,0,37,'',1,'','|host_description| - TCP Current Established','','',120,'',500,'','100','','0','','sockets','','on','','on','',2,'','','','','','','','on','',1000,'0','','','on','','','',''),(52,0,0,38,'',1,'','|host_description| - Uptime','','',120,'',500,'','100','','0','','days','','on','','on','',2,'','','','','','','','on','',1000,'0','','','on','','','',''),(53,0,0,39,'',1,'','|host_description| - TCP Counters','','',120,'',500,'','100','','0','','events per second','','on','','on','',2,'','','','','','','','on','',1000,'0','','','on','','','',''),(54,0,0,40,'',1,'','|host_description| - Memory Usage','','',120,'',500,'','100','','0','','bytes','','on','','on','',2,'','','','','','on','','on','',1000,'0','','','on','','','',''),(55,0,0,41,'',1,'','|host_description| - Load Average','','',120,'',500,'','100','','0','','','','on','','on','',2,'','','','','','on','','on','',1000,'0','','','on','','','',''),(56,0,0,42,'',1,'','|host_description| - CPU Usage','','',120,'',500,'','0','','0','','percent','','on','','on','',2,'','','','','','on','','on','',1000,'0','','','on','','','',''),(130,21,79,21,'0',1,'0','|host_description| - Disk Space - |query_dskDevice|','Server - Disk Space - /dev/disk/by-la','0',120,'0',500,'0','100','0','0','0','bytes','0','on','0','on','0',2,'0','','0','','0','on','0','on','0',1024,'0','','0','on','0','','0',''),(129,2,78,2,'0',1,'0','|host_description| - Traffic - |query_ifName|','Server - Traffic - eth0','0',120,'0',500,'0','100','0','0','0','bits per second','0','on','0','on','0',2,'0','','0','','0','on','0','on','0',1000,'0','','0','on','0','','0',''),(131,2,80,2,'0',1,'0','|host_description| - Traffic - |query_ifName|','Server - Traffic - eth0','0',120,'0',500,'0','100','0','0','0','bits per second','0','on','0','on','0',2,'0','','0','','0','on','0','on','0',1000,'0','','0','on','0','','0',''),(128,34,77,26,'0',1,'0','|host_description| - Used Space - |query_hrStorageDescr|','Server - Used Space - /','0',120,'0',500,'0','100','0','0','0','bytes','0','on','0','on','0',2,'0','','0','','0','on','0','on','0',1024,'0','','0','on','0','','0',''),(126,34,75,26,'0',1,'0','|host_description| - Used Space - |query_hrStorageDescr|','Server - Used Space - Swap space','0',120,'0',500,'0','100','0','0','0','bytes','0','on','0','on','0',2,'0','','0','','0','on','0','on','0',1024,'0','','0','on','0','','0',''),(125,34,74,26,'0',1,'0','|host_description| - Used Space - |query_hrStorageDescr|','Server - Used Space - Shared memory','0',120,'0',500,'0','100','0','0','0','bytes','0','on','0','on','0',2,'0','','0','','0','on','0','on','0',1024,'0','','0','on','0','','0',''),(124,34,73,26,'0',1,'0','|host_description| - Used Space - |query_hrStorageDescr|','Server - Used Space - Cached memory','0',120,'0',500,'0','100','0','0','0','bytes','0','on','0','on','0',2,'0','','0','','0','on','0','on','0',1024,'0','','0','on','0','','0',''),(123,34,72,26,'0',1,'0','|host_description| - Used Space - |query_hrStorageDescr|','Server - Used Space - Memory buffers','0',120,'0',500,'0','100','0','0','0','bytes','0','on','0','on','0',2,'0','','0','','0','on','0','on','0',1024,'0','','0','on','0','','0',''),(122,34,71,26,'0',1,'0','|host_description| - Used Space - |query_hrStorageDescr|','Server - Used Space - Virtual memory','0',120,'0',500,'0','100','0','0','0','bytes','0','on','0','on','0',2,'0','','0','','0','on','0','on','0',1024,'0','','0','on','0','','0',''),(121,34,70,26,'0',1,'0','|host_description| - Used Space - |query_hrStorageDescr|','Server - Used Space - Physical memory','0',120,'0',500,'0','100','0','0','0','bytes','0','on','0','on','0',2,'0','','0','','0','on','0','on','0',1024,'0','','0','on','0','','0',''),(120,10,69,10,'0',1,'0','|host_description| - Logged in Users','Server - Logged in Users','0',120,'0',500,'0','100','0','0','0','users','0','on','0','on','0',2,'0','','0','','0','on','0','on','0',1000,'0','','0','on','0','','0',''),(119,9,68,9,'0',1,'0','|host_description| - Load Average','Server - Load Average','0',120,'0',500,'0','100','0','0','0','processes in the run queue','0','on','0','on','0',2,'0','','0','','0','on','0','on','0',1000,'0','','0','on','0','','0','0'),(118,50,67,36,'0',1,'0','|host_description| - Users Logged On','Server - Users Logged On','0',120,'0',500,'0','100','0','0','0','users','0','on','0','on','0',2,'0','','0','','0','','0','on','0',1000,'0','','0','on','0','','0',''),(117,52,66,38,'0',1,'0','|host_description| - Uptime','Server - Uptime','0',120,'0',500,'0','100','0','0','0','days','0','on','0','on','0',2,'0','','0','','0','','0','on','0',1000,'0','','0','on','0','','0',''),(111,56,60,42,'0',1,'0','|host_description| - CPU Usage','Server - CPU Usage','0',120,'0',500,'0','0','0','0','0','percent','0','on','0','on','0',2,'0','','0','','0','on','0','on','0',1000,'0','','0','on','0','','0',''),(112,55,61,41,'0',1,'0','|host_description| - Load Average','Server - Load Average','0',120,'0',500,'0','100','0','0','0','','0','on','0','on','0',2,'0','','0','','0','on','0','on','0',1000,'0','','0','on','0','','0',''),(113,54,62,40,'0',1,'0','|host_description| - Memory Usage','Server - Memory Usage','0',120,'0',500,'0','100','0','0','0','bytes','0','on','0','on','0',2,'0','','0','','0','on','0','on','0',1000,'0','','0','on','0','','0',''),(114,49,63,35,'0',1,'0','|host_description| - Processes','Server - Processes','0',120,'0',500,'0','100','0','0','0','processes','0','on','0','on','0',2,'0','','0','','0','','0','on','0',1000,'0','','0','on','0','','0',''),(115,53,64,39,'0',1,'0','|host_description| - TCP Counters','Server - TCP Counters','0',120,'0',500,'0','100','0','0','0','events per second','0','on','0','on','0',2,'0','','0','','0','','0','on','0',1000,'0','','0','on','0','','0',''),(116,51,65,37,'0',1,'0','|host_description| - TCP Current Established','Server - TCP Current Established','0',120,'0',500,'0','100','0','0','0','sockets','0','on','0','on','0',2,'0','','0','','0','','0','on','0',1000,'0','','0','on','0','','0','');
/*!40000 ALTER TABLE `graph_templates_graph` ENABLE KEYS */;
UNLOCK TABLES;

--
-- Table structure for table `graph_templates_item`
--

DROP TABLE IF EXISTS `graph_templates_item`;
/*!40101 SET @saved_cs_client     = @@character_set_client */;
/*!40101 SET character_set_client = utf8 */;
CREATE TABLE `graph_templates_item` (
  `id` int(12) unsigned NOT NULL AUTO_INCREMENT,
  `hash` varchar(32) NOT NULL DEFAULT '',
  `local_graph_template_item_id` int(12) unsigned NOT NULL DEFAULT '0',
  `local_graph_id` mediumint(8) unsigned NOT NULL DEFAULT '0',
  `graph_template_id` mediumint(8) unsigned NOT NULL DEFAULT '0',
  `task_item_id` mediumint(8) unsigned NOT NULL DEFAULT '0',
  `color_id` mediumint(8) unsigned NOT NULL DEFAULT '0',
  `alpha` char(2) DEFAULT 'FF',
  `graph_type_id` tinyint(3) NOT NULL DEFAULT '0',
  `cdef_id` mediumint(8) unsigned NOT NULL DEFAULT '0',
  `consolidation_function_id` tinyint(2) NOT NULL DEFAULT '0',
  `text_format` varchar(255) DEFAULT NULL,
  `value` varchar(255) DEFAULT NULL,
  `hard_return` char(2) DEFAULT NULL,
  `gprint_id` mediumint(8) unsigned NOT NULL DEFAULT '0',
  `sequence` mediumint(8) unsigned NOT NULL DEFAULT '0',
  PRIMARY KEY (`id`),
  KEY `graph_template_id` (`graph_template_id`),
  KEY `local_graph_id` (`local_graph_id`),
  KEY `task_item_id` (`task_item_id`)
) ENGINE=MyISAM AUTO_INCREMENT=1311 DEFAULT CHARSET=latin1 COMMENT='Stores the actual graph item data.';
/*!40101 SET character_set_client = @saved_cs_client */;

--
-- Dumping data for table `graph_templates_item`
--

LOCK TABLES `graph_templates_item` WRITE;
/*!40000 ALTER TABLE `graph_templates_item` DISABLE KEYS */;
INSERT INTO `graph_templates_item` VALUES (9,'0470b2427dbfadb6b8346e10a71268fa',0,0,2,54,22,'FF',7,2,1,'Inbound','','',2,1),(10,'84a5fe0db518550266309823f994ce9c',0,0,2,54,0,'FF',9,2,4,'Current:','','',2,2),(11,'2f222f28084085cd06a1f46e4449c793',0,0,2,54,0,'FF',9,2,1,'Average:','','',2,3),(12,'55acbcc33f46ee6d754e8e81d1b54808',0,0,2,54,0,'FF',9,2,3,'Maximum:','','on',2,4),(13,'fdaf2321fc890e355711c2bffc07d036',0,0,2,55,20,'FF',4,2,1,'Outbound','','',2,5),(14,'768318f42819217ed81196d2179d3e1b',0,0,2,55,0,'FF',9,2,4,'Current:','','',2,6),(15,'cb3aa6256dcb3acd50d4517b77a1a5c3',0,0,2,55,0,'FF',9,2,1,'Average:','','',2,7),(16,'671e989be7cbf12c623b4e79d91c7bed',0,0,2,55,0,'FF',9,2,3,'Maximum:','','',2,8),(17,'b561ed15b3ba66d277e6d7c1640b86f7',0,0,3,4,48,'FF',7,14,1,'Used','','',2,1),(18,'99ef051057fa6adfa6834a7632e9d8a2',0,0,3,4,0,'FF',9,14,4,'Current:','','',2,2),(19,'3986695132d3f4716872df4c6fbccb65',0,0,3,4,0,'FF',9,14,1,'Average:','','',2,3),(20,'0444300017b368e6257f010dca8bbd0d',0,0,3,4,0,'FF',9,14,3,'Maximum:','','on',2,4),(21,'4d6a0b9063124ca60e2d1702b3e15e41',0,0,3,3,20,'FF',8,14,1,'Available','','',2,5),(22,'181b08325e4d00cd50b8cdc8f8ae8e77',0,0,3,3,0,'FF',9,14,4,'Current:','','',2,6),(23,'bba0a9ff1357c990df50429d64314340',0,0,3,3,0,'FF',9,14,1,'Average:','','',2,7),(24,'d4a67883d53bc1df8aead21c97c0bc52',0,0,3,3,0,'FF',9,14,3,'Maximum:','','on',2,8),(25,'253c9ec2d66905245149c1c2dc8e536e',0,0,3,0,1,'FF',5,15,1,'Total','','',2,9),(26,'ea9ea883383f4eb462fec6aa309ba7b5',0,0,3,0,0,'FF',9,15,4,'Current:','','',2,10),(27,'83b746bcaba029eeca170a9f77ec4864',0,0,3,0,0,'FF',9,15,1,'Average:','','',2,11),(28,'82e01dd92fd37887c0696192efe7af65',0,0,3,0,0,'FF',9,15,3,'Maximum:','','on',2,12),(29,'ff0a6125acbb029b814ed1f271ad2d38',0,0,4,5,9,'FF',7,0,1,'System','','',2,1),(30,'f0776f7d6638bba76c2c27f75a424f0f',0,0,4,5,0,'FF',9,0,4,'Current:','','',2,2),(31,'39f4e021aa3fed9207b5f45a82122b21',0,0,4,5,0,'FF',9,0,1,'Average:','','',2,3),(32,'800f0b067c06f4ec9c2316711ea83c1e',0,0,4,5,0,'FF',9,0,3,'Maximum:','','on',2,4),(33,'9419dd5dbf549ba4c5dc1462da6ee321',0,0,4,6,21,'FF',8,0,1,'User','','',2,5),(34,'e461dd263ae47657ea2bf3fd82bec096',0,0,4,6,0,'FF',9,0,4,'Current:','','',2,6),(35,'f2d1fbb8078a424ffc8a6c9d44d8caa0',0,0,4,6,0,'FF',9,0,1,'Average:','','',2,7),(36,'e70a5de639df5ba1705b5883da7fccfc',0,0,4,6,0,'FF',9,0,3,'Maximum:','','on',2,8),(37,'85fefb25ce9fd0317da2706a5463fc42',0,0,4,7,12,'FF',8,0,1,'Nice','','',2,9),(38,'a1cb26878776999db16f1de7577b3c2a',0,0,4,7,0,'FF',9,0,4,'Current:','','',2,10),(39,'7d0f9bf64a0898a0095f099674754273',0,0,4,7,0,'FF',9,0,1,'Average:','','',2,11),(40,'b2879248a522d9679333e1f29e9a87c3',0,0,4,7,0,'FF',9,0,3,'Maximum:','','on',2,12),(41,'d800aa59eee45383b3d6d35a11cdc864',0,0,4,0,1,'FF',4,12,1,'Total','','',2,13),(42,'cab4ae79a546826288e273ca1411c867',0,0,4,0,0,'FF',9,12,4,'Current:','','',2,14),(43,'d44306ae85622fec971507460be63f5c',0,0,4,0,0,'FF',9,12,1,'Average:','','',2,15),(44,'aa5c2118035bb83be497d4e099afcc0d',0,0,4,0,0,'FF',9,12,3,'Maximum:','','on',2,16),(45,'4aa34ea1b7542b770ace48e8bc395a22',0,0,5,9,48,'FF',7,0,1,'Signal Level','','',2,1),(46,'22f118a9d81d0a9c8d922efbbc8a9cc1',0,0,5,9,0,'FF',9,0,4,'Current:','','',2,2),(47,'229de0c4b490de9d20d8f8d41059f933',0,0,5,9,0,'FF',9,0,1,'Average:','','',2,3),(48,'cd17feb30c02fd8f21e4d4dcde04e024',0,0,5,9,0,'FF',9,0,3,'Maximum:','','on',2,4),(49,'8723600cfd0f8a7b3f7dc1361981aabd',0,0,5,8,25,'FF',5,0,1,'Noise Level','','',2,5),(50,'cb06be2601b5abfb7a42fc07586de1c2',0,0,5,8,0,'FF',9,0,4,'Current:','','',2,6),(51,'55a2ee0fd511e5210ed85759171de58f',0,0,5,8,0,'FF',9,0,1,'Average:','','',2,7),(52,'704459564c84e42462e106eef20db169',0,0,5,8,0,'FF',9,0,3,'Maximum:','','on',2,8),(53,'aaebb19ec522497eaaf8c87a631b7919',0,0,6,10,48,'FF',7,0,1,'Transmissions','','',2,1),(54,'8b54843ac9d41bce2fcedd023560ed64',0,0,6,10,0,'FF',9,0,4,'Current:','','',2,2),(55,'05927dc83e07c7d9cffef387d68f35c9',0,0,6,10,0,'FF',9,0,1,'Average:','','',2,3),(56,'d11e62225a7e7a0cdce89242002ca547',0,0,6,10,0,'FF',9,0,3,'Maximum:','','on',2,4),(57,'6397b92032486c476b0e13a35b727041',0,0,6,11,25,'FF',5,0,1,'Re-Transmissions','','',2,5),(58,'cdfa5f8f82f4c479ff7f6f54160703f6',0,0,6,11,0,'FF',9,0,4,'Current:','','',2,6),(59,'ce2a309fb9ef64f83f471895069a6f07',0,0,6,11,0,'FF',9,0,1,'Average:','','',2,7),(60,'9cbfbf57ebde435b27887f27c7d3caea',0,0,6,11,0,'FF',9,0,3,'Maximum:','','on',2,8),(61,'80e0aa956f50c261e5143273da58b8a3',0,0,7,21,25,'FF',7,0,1,'','','',2,1),(62,'48fdcae893a7b7496e1a61efc3453599',0,0,7,21,0,'FF',9,0,4,'Current:','','',2,2),(63,'22f43e5fa20f2716666ba9ed9a7d1727',0,0,7,21,0,'FF',9,0,1,'Average:','','',2,3),(64,'3e86d497bcded7af7ab8408e4908e0d8',0,0,7,21,0,'FF',9,0,3,'Maximum:','','on',2,4),(65,'ba00ecd28b9774348322ff70a96f2826',0,0,8,19,48,'FF',7,0,1,'Running Processes','','',2,1),(66,'8d76de808efd73c51e9a9cbd70579512',0,0,8,19,0,'FF',9,0,4,'Current:','','',3,2),(67,'304244ca63d5b09e62a94c8ec6fbda8d',0,0,8,19,0,'FF',9,0,1,'Average:','','',3,3),(68,'da1ba71a93d2ed4a2a00d54592b14157',0,0,8,19,0,'FF',9,0,3,'Maximum:','','on',3,4),(69,'93ad2f2803b5edace85d86896620b9da',0,0,9,12,15,'FF',7,0,1,'1 Minute Average','','',2,1),(70,'e28736bf63d3a3bda03ea9f1e6ecb0f1',0,0,9,12,0,'FF',9,0,4,'Current:','','on',4,2),(71,'bbdfa13adc00398eed132b1ccb4337d2',0,0,9,13,8,'FF',8,0,1,'5 Minute Average','','',2,3),(72,'2c14062c7d67712f16adde06132675d6',0,0,9,13,0,'FF',9,0,4,'Current:','','on',4,4),(73,'9cf6ed48a6a54b9644a1de8c9929bd4e',0,0,9,14,9,'FF',8,0,1,'15 Minute Average','','',2,5),(74,'c9824064305b797f38feaeed2352e0e5',0,0,9,14,0,'FF',9,0,4,'Current:','','on',4,6),(75,'fa1bc4eff128c4da70f5247d55b8a444',0,0,9,0,1,'FF',4,12,1,'','','on',2,7),(76,'5c94ac24bc0d6d2712cc028fa7d4c7d2',0,0,10,20,67,'FF',7,0,1,'Users','','',2,1),(77,'8bc7f905526f62df7d5c2d8c27c143c1',0,0,10,20,0,'FF',9,0,4,'Current:','','',3,2),(78,'cd074cd2b920aab70d480c020276d45b',0,0,10,20,0,'FF',9,0,1,'Average:','','',3,3),(79,'415630f25f5384ba0c82adbdb05fe98b',0,0,10,20,0,'FF',9,0,3,'Maximum:','','on',3,4),(80,'d77d2050be357ab067666a9485426e6b',0,0,11,33,15,'FF',7,0,1,'1 Minute Average','','',2,1),(81,'13d22f5a0eac6d97bf6c97d7966f0a00',0,0,11,33,0,'FF',9,0,4,'Current:','','on',4,2),(82,'8580230d31d2851ec667c296a665cbf9',0,0,11,34,8,'FF',8,0,1,'5 Minute Average','','',2,3),(83,'b5b7d9b64e7640aa51dbf58c69b86d15',0,0,11,34,0,'FF',9,0,4,'Current:','','on',4,4),(84,'2ec10edf4bfaa866b7efd544d4c3f446',0,0,11,35,9,'FF',8,0,1,'15 Minute Average','','',2,5),(85,'b65666f0506c0c70966f493c19607b93',0,0,11,35,0,'FF',9,0,4,'Current:','','on',4,6),(86,'6c73575c74506cfc75b89c4276ef3455',0,0,11,0,1,'FF',4,12,1,'Total','','on',2,7),(95,'5fa7c2317f19440b757ab2ea1cae6abc',0,0,12,16,41,'FF',7,14,1,'Free','','',2,9),(96,'b1d18060bfd3f68e812c508ff4ac94ed',0,0,12,16,0,'FF',9,14,4,'Current:','','',2,10),(97,'780b6f0850aaf9431d1c246c55143061',0,0,12,16,0,'FF',9,14,1,'Average:','','',2,11),(98,'2d54a7e7bb45e6c52d97a09e24b7fba7',0,0,12,16,0,'FF',9,14,3,'Maximum:','','on',2,12),(99,'40206367a3c192b836539f49801a0b15',0,0,12,18,30,'FF',8,14,1,'Swap','','',2,13),(100,'7ee72e2bb3722d4f8a7f9c564e0dd0d0',0,0,12,18,0,'FF',9,14,4,'Current:','','',2,14),(101,'c8af33b949e8f47133ee25e63c91d4d0',0,0,12,18,0,'FF',9,14,1,'Average:','','',2,15),(102,'568128a16723d1195ce6a234d353ce00',0,0,12,18,0,'FF',9,14,3,'Maximum:','','on',2,16),(103,'7517a40d478e28ed88ba2b2a65e16b57',0,0,13,37,52,'FF',7,14,1,'Memory Free','','',2,1),(104,'df0c8b353d26c334cb909dc6243957c5',0,0,13,37,0,'FF',9,14,4,'Current:','','',2,2),(105,'c41a4cf6fefaf756a24f0a9510580724',0,0,13,37,0,'FF',9,14,1,'Average:','','',2,3),(106,'9efa8f01c6ed11364a21710ff170f422',0,0,13,37,0,'FF',9,14,3,'Maximum:','','on',2,4),(107,'95d6e4e5110b456f34324f7941d08318',0,0,13,36,35,'FF',8,14,1,'Memory Buffers','','',2,5),(108,'0c631bfc0785a9cca68489ea87a6c3da',0,0,13,36,0,'FF',9,14,4,'Current:','','',2,6),(109,'3468579d3b671dfb788696df7dcc1ec9',0,0,13,36,0,'FF',9,14,1,'Average:','','',2,7),(110,'c3ddfdaa65449f99b7f1a735307f9abe',0,0,13,36,0,'FF',9,14,3,'Maximum:','','on',2,8),(111,'4c64d5c1ce8b5d8b94129c23b46a5fd6',0,0,14,28,41,'FF',7,0,1,'Cache Hits','','',2,1),(112,'5c1845c9bd1af684a3c0ad843df69e3e',0,0,14,28,0,'FF',9,0,4,'Current:','','',3,2),(113,'e5169563f3f361701902a8da3ac0c77f',0,0,14,28,0,'FF',9,0,1,'Average:','','',3,3),(114,'35e87262efa521edbb1fd27f09c036f5',0,0,14,28,0,'FF',9,0,3,'Maximum:','','on',3,4),(115,'53069d7dba4c31b338f609bea4cd16f3',0,0,14,27,66,'FF',8,0,1,'Cache Checks','','',2,5),(116,'d9c102579839c5575806334d342b50de',0,0,14,27,0,'FF',9,0,4,'Current:','','',3,6),(117,'dc1897c3249dbabe269af49cee92f8c0',0,0,14,27,0,'FF',9,0,1,'Average:','','',3,7),(118,'ccd21fe0b5a8c24057f1eff4a6b66391',0,0,14,27,0,'FF',9,0,3,'Maximum:','','on',3,8),(119,'ab09d41c358f6b8a9d0cad4eccc25529',0,0,15,76,9,'FF',7,0,1,'CPU Utilization','','',2,1),(120,'5d5b8d8fbe751dc9c86ee86f85d7433b',0,0,15,76,0,'FF',9,0,4,'Current:','','',3,2),(121,'4822a98464c6da2afff10c6d12df1831',0,0,15,76,0,'FF',9,0,1,'Average:','','',3,3),(122,'fc6fbf2a964bea0b3c88ed0f18616aa7',0,0,15,76,0,'FF',9,0,3,'Maximum:','','on',3,4),(123,'e4094625d5443b4c87f9a87ba616a469',0,0,16,25,67,'FF',7,0,1,'File System Reads','','',2,1),(124,'ae68425cd10e8a6623076b2e6859a6aa',0,0,16,25,0,'FF',9,0,4,'Current:','','',3,2),(125,'40b8e14c6568b3f6be6a5d89d6a9f061',0,0,16,25,0,'FF',9,0,1,'Average:','','',3,3),(126,'4afbdc3851c03e206672930746b1a5e2',0,0,16,25,0,'FF',9,0,3,'Maximum:','','on',3,4),(127,'ea47d2b5516e334bc5f6ce1698a3ae76',0,0,16,26,93,'FF',8,0,1,'File System Writes','','',2,5),(128,'899c48a2f79ea3ad4629aff130d0f371',0,0,16,26,0,'FF',9,0,4,'Current:','','',3,6),(129,'ab474d7da77e9ec1f6a1d45c602580cd',0,0,16,26,0,'FF',9,0,1,'Average:','','',3,7),(130,'e143f8b4c6d4eeb6a28b052e6b8ce5a9',0,0,16,26,0,'FF',9,0,3,'Maximum:','','on',3,8),(131,'facfeeb6fc2255ba2985b2d2f695d78a',0,0,17,23,30,'FF',7,0,1,'Current Logins','','',2,1),(132,'2470e43034a5560260d79084432ed14f',0,0,17,23,0,'FF',9,0,4,'Current:','','',3,2),(133,'e9e645f07bde92b52d93a7a1f65efb30',0,0,17,23,0,'FF',9,0,1,'Average:','','',3,3),(134,'bdfe0d66103211cfdaa267a44a98b092',0,0,17,23,0,'FF',9,0,3,'Maximum:','','on',3,4),(139,'098b10c13a5701ddb7d4d1d2e2b0fdb7',0,0,18,30,9,'FF',7,0,1,'CPU Usage','','',2,1),(140,'1dbda412a9926b0ee5c025aa08f3b230',0,0,18,30,0,'FF',9,0,4,'Current:','','',3,2),(141,'725c45917146807b6a4257fc351f2bae',0,0,18,30,0,'FF',9,0,1,'Average:','','',3,3),(142,'4e336fdfeb84ce65f81ded0e0159a5e0',0,0,18,30,0,'FF',9,0,3,'Maximum:','','on',3,4),(143,'7dab7a3ceae2addd1cebddee6c483e7c',0,0,19,39,25,'FF',7,14,1,'Free Space','','',2,5),(144,'aea239f3ceea8c63d02e453e536190b8',0,0,19,39,0,'FF',9,14,4,'Current:','','',2,6),(145,'a0efae92968a6d4ae099b676e0f1430e',0,0,19,39,0,'FF',9,14,1,'Average:','','',2,7),(146,'4fd5ba88be16e3d513c9231b78ccf0e1',0,0,19,39,0,'FF',9,14,3,'Maximum:','','on',2,8),(147,'d2e98e51189e1d9be8888c3d5c5a4029',0,0,19,38,69,'FF',7,14,1,'Total Space','','',2,1),(148,'12829294ee3958f4a31a58a61228e027',0,0,19,38,0,'FF',9,14,4,'Current:','','',2,2),(149,'4b7e8755b0f2253723c1e9fb21fd37b1',0,0,19,38,0,'FF',9,14,1,'Average:','','',2,3),(150,'cbb19ffd7a0ead2bf61512e86d51ee8e',0,0,19,38,0,'FF',9,14,3,'Maximum:','','on',2,4),(151,'37b4cbed68f9b77e49149343069843b4',0,0,19,40,95,'FF',5,14,1,'Freeable Space','','',2,9),(152,'5eb7532200f2b5cc93e13743a7db027c',0,0,19,40,0,'FF',9,14,4,'Current:','','',2,10),(153,'b0f9f602fbeaaff090ea3f930b46c1c7',0,0,19,40,0,'FF',9,14,1,'Average:','','',2,11),(154,'06477f7ea46c63272cee7253e7cd8760',0,0,19,40,0,'FF',9,14,3,'Maximum:','','on',2,12),(171,'a751838f87068e073b95be9555c57bde',0,0,21,56,0,'FF',9,14,3,'Maximum:','','on',2,4),(170,'3b13eb2e542fe006c9bf86947a6854fa',0,0,21,56,0,'FF',9,14,1,'Average:','','',2,3),(169,'8ef3e7fb7ce962183f489725939ea40f',0,0,21,56,0,'FF',9,14,4,'Current:','','',2,2),(167,'6ca2161c37b0118786dbdb46ad767e5d',0,0,21,56,48,'FF',7,14,1,'Used','','',2,1),(159,'6877a2a5362a9390565758b08b9b37f7',0,0,20,43,77,'FF',7,0,1,'Used Directory Entries','','',2,1),(160,'a978834f3d02d833d3d2def243503bf2',0,0,20,43,0,'FF',9,0,4,'Current:','','',3,2),(161,'7422d87bc82de20a4333bd2f6460b2d4',0,0,20,43,0,'FF',9,0,1,'Average:','','',3,3),(162,'4d52762859a3fec297ebda0e7fd760d9',0,0,20,43,0,'FF',9,0,3,'Maximum:','','on',3,4),(163,'999d4ed1128ff03edf8ea47e56d361dd',0,0,20,42,1,'FF',5,0,1,'Available Directory Entries','','',2,5),(164,'3dfcd7f8c7a760ac89d34398af79b979',0,0,20,42,0,'FF',9,0,4,'Current:','','',3,6),(165,'217be75e28505c8f8148dec6b71b9b63',0,0,20,42,0,'FF',9,0,1,'Average:','','',3,7),(166,'69b89e1c5d6fc6182c93285b967f970a',0,0,20,42,0,'FF',9,0,3,'Maximum:','','on',3,8),(172,'5d6dff9c14c71dc1ebf83e87f1c25695',0,0,21,44,20,'FF',8,14,1,'Available','','',2,5),(173,'b27cb9a158187d29d17abddc6fdf0f15',0,0,21,44,0,'FF',9,14,4,'Current:','','',2,6),(174,'6c0555013bb9b964e51d22f108dae9b0',0,0,21,44,0,'FF',9,14,1,'Average:','','',2,7),(175,'42ce58ec17ef5199145fbf9c6ee39869',0,0,21,44,0,'FF',9,14,3,'Maximum:','','on',2,8),(176,'9bdff98f2394f666deea028cbca685f3',0,0,21,0,1,'FF',5,15,1,'Total','','',2,9),(177,'fb831fefcf602bc31d9d24e8e456c2e6',0,0,21,0,0,'FF',9,15,4,'Current:','','',2,10),(178,'5a958d56785a606c08200ef8dbf8deef',0,0,21,0,0,'FF',9,15,1,'Average:','','',2,11),(179,'5ce67a658cec37f526dc84ac9e08d6e7',0,0,21,0,0,'FF',9,15,3,'Maximum:','','on',2,12),(180,'7e04a041721df1f8828381a9ea2f2154',0,0,22,47,31,'FF',4,0,1,'Discards In','','',2,1),(181,'afc8bca6b1b3030a6d71818272336c6c',0,0,22,47,0,'FF',9,0,4,'Current:','','',2,2),(182,'6ac169785f5aeaf1cc5cdfd38dfcfb6c',0,0,22,47,0,'FF',9,0,1,'Average:','','',2,3),(183,'178c0a0ce001d36a663ff6f213c07505',0,0,22,47,0,'FF',9,0,3,'Maximum:','','on',2,4),(184,'8e3268c0abde7550616bff719f10ee2f',0,0,22,46,48,'FF',4,0,1,'Errors In','','',2,5),(185,'18891392b149de63b62c4258a68d75f8',0,0,22,46,0,'FF',9,0,4,'Current:','','',2,6),(186,'dfc9d23de0182c9967ae3dabdfa55a16',0,0,22,46,0,'FF',9,0,1,'Average:','','',2,7),(187,'c47ba64e2e5ea8bf84aceec644513176',0,0,22,46,0,'FF',9,0,3,'Maximum:','','on',2,8),(188,'9d052e7d632c479737fbfaced0821f79',0,0,23,49,71,'FF',4,0,1,'Unicast Packets Out','','',2,5),(189,'9b9fa6268571b6a04fa4411d8e08c730',0,0,23,49,0,'FF',9,0,4,'Current:','','',2,6),(190,'8e8f2fbeb624029cbda1d2a6ddd991ba',0,0,23,49,0,'FF',9,0,1,'Average:','','',2,7),(191,'c76495beb1ed01f0799838eb8a893124',0,0,23,49,0,'FF',9,0,3,'Maximum:','','on',2,8),(192,'d4e5f253f01c3ea77182c5a46418fc44',0,0,23,48,25,'FF',7,0,1,'Unicast Packets In','','',2,1),(193,'526a96add143da021c5f00d8764a6c12',0,0,23,48,0,'FF',9,0,4,'Current:','','',2,2),(194,'81eeb46f451212f00fd7caee42a81c0b',0,0,23,48,0,'FF',9,0,1,'Average:','','',2,3),(195,'089e4d1c3faeb00fd5dcc9622b06d656',0,0,23,48,0,'FF',9,0,3,'Maximum:','','on',2,4),(196,'fe66cb973966d22250de073405664200',0,0,24,53,25,'FF',7,0,1,'Non-Unicast Packets In','','',2,1),(197,'1ba3fc3466ad32fdd2669cac6cad6faa',0,0,24,53,0,'FF',9,0,4,'Current:','','',2,2),(198,'f810154d3a934c723c21659e66199cdf',0,0,24,53,0,'FF',9,0,1,'Average:','','',2,3),(199,'98a161df359b01304346657ff1a9d787',0,0,24,53,0,'FF',9,0,3,'Maximum:','','on',2,4),(200,'d5e55eaf617ad1f0516f6343b3f07c5e',0,0,24,52,71,'FF',4,0,1,'Non-Unicast Packets Out','','',2,5),(201,'9fde6b8c84089b9f9044e681162e7567',0,0,24,52,0,'FF',9,0,4,'Current:','','',2,6),(202,'9a3510727c3d9fa7e2e7a015783a99b3',0,0,24,52,0,'FF',9,0,1,'Average:','','',2,7),(203,'451afd23f2cb59ab9b975fd6e2735815',0,0,24,52,0,'FF',9,0,3,'Maximum:','','on',2,8),(204,'617d10dff9bbc3edd9d733d9c254da76',0,0,22,50,18,'FF',4,0,1,'Discards Out','','',2,9),(205,'9269a66502c34d00ac3c8b1fcc329ac6',0,0,22,50,0,'FF',9,0,4,'Current:','','',2,10),(206,'d45deed7e1ad8350f3b46b537ae0a933',0,0,22,50,0,'FF',9,0,1,'Average:','','',2,11),(207,'2f64cf47dc156e8c800ae03c3b893e3c',0,0,22,50,0,'FF',9,0,3,'Maximum:','','on',2,12),(208,'57434bef8cb21283c1a73f055b0ada19',0,0,22,51,89,'FF',4,0,1,'Errors Out','','',2,13),(209,'660a1b9365ccbba356fd142faaec9f04',0,0,22,51,0,'FF',9,0,4,'Current:','','',2,14),(210,'28c5297bdaedcca29acf245ef4bbed9e',0,0,22,51,0,'FF',9,0,1,'Average:','','',2,15),(211,'99098604fd0c78fd7dabac8f40f1fb29',0,0,22,51,0,'FF',9,0,3,'Maximum:','','on',2,16),(212,'de3eefd6d6c58afabdabcaf6c0168378',0,0,25,54,22,'FF',7,0,1,'Inbound','','',2,1),(213,'1a80fa108f5c46eecb03090c65bc9a12',0,0,25,54,0,'FF',9,0,4,'Current:','','',2,2),(214,'fe458892e7faa9d232e343d911e845f3',0,0,25,54,0,'FF',9,0,1,'Average:','','',2,3),(215,'175c0a68689bebc38aad2fbc271047b3',0,0,25,54,0,'FF',9,0,3,'Maximum:','','on',2,4),(216,'1bf2283106510491ddf3b9c1376c0b31',0,0,25,55,20,'FF',4,0,1,'Outbound','','',2,5),(217,'c5202f1690ffe45600c0d31a4a804f67',0,0,25,55,0,'FF',9,0,4,'Current:','','',2,6),(218,'eb9794e3fdafc2b74f0819269569ed40',0,0,25,55,0,'FF',9,0,1,'Average:','','',2,7),(219,'6bcedd61e3ccf7518ca431940c93c439',0,0,25,55,0,'FF',9,0,3,'Maximum:','','',2,8),(303,'b7b381d47972f836785d338a3bef6661',0,0,26,78,0,'FF',9,0,3,'Maximum:','','on',2,8),(304,'36fa8063df3b07cece878d54443db727',0,0,26,78,0,'FF',9,0,1,'Average:','','',2,7),(305,'2c35b5cae64c5f146a55fcb416dd14b5',0,0,26,78,0,'FF',9,0,4,'Current:','','',2,6),(306,'16d6a9a7f608762ad65b0841e5ef4e9c',0,0,26,78,48,'FF',7,0,1,'Used','','',2,5),(307,'d80e4a4901ab86ee39c9cc613e13532f',0,0,26,92,20,'FF',7,0,1,'Total','','',2,1),(308,'567c2214ee4753aa712c3d101ea49a5d',0,0,26,92,0,'FF',9,0,4,'Current:','','',2,2),(309,'ba0b6a9e316ef9be66abba68b80f7587',0,0,26,92,0,'FF',9,0,1,'Average:','','',2,3),(310,'4b8e4a6bf2757f04c3e3a088338a2f7a',0,0,26,92,0,'FF',9,0,3,'Maximum:','','on',2,4),(317,'8536e034ab5268a61473f1ff2f6bd88f',0,0,27,79,0,'FF',9,0,1,'Average:','','',3,3),(316,'d478a76de1df9edf896c9ce51506c483',0,0,27,79,0,'FF',9,0,4,'Current:','','',3,2),(315,'42537599b5fb8ea852240b58a58633de',0,0,27,79,9,'FF',7,0,1,'CPU Utilization','','',2,1),(318,'87e10f9942b625aa323a0f39b60058e7',0,0,27,79,0,'FF',9,0,3,'Maximum:','','on',3,4),(319,'38f6891b0db92aa8950b4ce7ae902741',0,0,28,81,67,'FF',7,0,1,'Users','','',2,1),(320,'af13152956a20aa894ef4a4067b88f63',0,0,28,81,0,'FF',9,0,4,'Current:','','',3,2),(321,'1b2388bbede4459930c57dc93645284e',0,0,28,81,0,'FF',9,0,1,'Average:','','',3,3),(322,'6407dc226db1d03be9730f4d6f3eeccf',0,0,28,81,0,'FF',9,0,3,'Maximum:','','on',3,4),(323,'fca6a530c8f37476b9004a90b42ee988',0,0,29,80,48,'FF',7,0,1,'Running Processes','','',2,1),(324,'5acebbde3dc65e02f8fda03955852fbe',0,0,29,80,0,'FF',9,0,4,'Current:','','',3,2),(325,'311079ffffac75efaab2837df8123122',0,0,29,80,0,'FF',9,0,1,'Average:','','',3,3),(326,'724d27007ebf31016cfa5530fee1b867',0,0,29,80,0,'FF',9,0,3,'Maximum:','','on',3,4),(373,'1995d8c23e7d8e1efa2b2c55daf3c5a7',0,0,32,54,22,'FF',7,2,1,'Inbound','','',2,1),(358,'803b96bcaec33148901b4b562d9d2344',0,0,30,29,89,'FF',7,0,1,'Open Files','','',2,1),(359,'da26dd92666cb840f8a70e2ec5e90c07',0,0,30,29,0,'FF',9,0,4,'Current:','','',3,2),(360,'5258970186e4407ed31cca2782650c45',0,0,30,29,0,'FF',9,0,1,'Average:','','',3,3),(361,'7d08b996bde9cdc7efa650c7031137b4',0,0,30,29,0,'FF',9,0,3,'Maximum:','','on',3,4),(362,'918e6e7d41bb4bae0ea2937b461742a4',0,0,31,54,22,'FF',7,2,1,'Inbound','','',2,1),(363,'f19fbd06c989ea85acd6b4f926e4a456',0,0,31,54,0,'FF',9,2,4,'Current:','','',2,2),(364,'fc150a15e20c57e11e8d05feca557ef9',0,0,31,54,0,'FF',9,2,1,'Average:','','',2,3),(365,'ccbd86e03ccf07483b4d29e63612fb18',0,0,31,54,0,'FF',9,2,3,'Maximum:','','on',2,4),(366,'964c5c30cd05eaf5a49c0377d173de86',0,0,31,55,20,'FF',4,2,1,'Outbound','','',2,5),(367,'b1a6fb775cf62e79e1c4bc4933c7e4ce',0,0,31,55,0,'FF',9,2,4,'Current:','','',2,6),(368,'721038182a872ab266b5cf1bf7f7755c',0,0,31,55,0,'FF',9,2,1,'Average:','','',2,7),(369,'2302f80c2c70b897d12182a1fc11ecd6',0,0,31,55,0,'FF',9,2,3,'Maximum:','','on',2,8),(370,'4ffc7af8533d103748316752b70f8e3c',0,0,31,0,0,'FF',1,0,1,'','','on',2,9),(371,'64527c4b6eeeaf627acc5117ff2180fd',0,0,31,55,9,'FF',2,0,1,'95th Percentile','|95:bits:0:max:2|','',2,10),(372,'d5bbcbdbf83ae858862611ac6de8fc62',0,0,31,55,0,'FF',1,0,1,'(|95:bits:6:max:2| mbit in+out)','','',2,11),(374,'55083351cd728b82cc4dde68eb935700',0,0,32,54,0,'FF',9,2,4,'Last:','','',2,2),(375,'54782f71929e7d1734ed5ad4b8dda50d',0,0,32,54,0,'FF',9,2,1,'Avg:','','',2,3),(376,'88d3094d5dc2164cbf2f974aeb92f051',0,0,32,54,0,'FF',9,2,3,'Max:','','',2,4),(377,'4a381a8e87d4db1ac99cf8d9078266d3',0,0,32,55,20,'FF',4,2,1,'Outbound','','',2,6),(378,'5bff63207c7bf076d76ff3036b5dad54',0,0,32,55,0,'FF',9,2,4,'Last:','','',2,7),(379,'979fff9d691ca35e3f4b3383d9cae43f',0,0,32,55,0,'FF',9,2,1,'Avg:','','',2,8),(380,'0e715933830112c23c15f7e3463f77b6',0,0,32,55,0,'FF',9,2,3,'Max:','','',2,11),(383,'5b43e4102600ad75379c5afd235099c4',0,0,32,54,0,'FF',1,0,1,'Total In:  |sum:auto:current:2:auto|','','on',2,5),(384,'db7c15d253ca666601b3296f2574edc9',0,0,32,55,0,'FF',1,0,1,'Total Out: |sum:auto:current:2:auto|','','',2,12),(385,'fdaec5b9227522c758ad55882c483a83',0,0,33,55,0,'FF',9,0,3,'Maximum:','','',2,11),(386,'6824d29c3f13fe1e849f1dbb8377d3f1',0,0,33,55,0,'FF',9,0,1,'Average:','','',2,8),(387,'54e3971b3dd751dd2509f62721c12b41',0,0,33,55,0,'FF',9,0,4,'Current:','','',2,7),(388,'cf8c9f69878f0f595d583eac109a9be1',0,0,33,55,20,'FF',4,0,1,'Outbound','','',2,6),(389,'de265acbbfa99eb4b3e9f7e90c7feeda',0,0,33,54,0,'FF',9,0,3,'Maximum:','','',2,4),(390,'777aa88fb0a79b60d081e0e3759f1cf7',0,0,33,54,0,'FF',9,0,1,'Average:','','',2,3),(391,'66bfdb701c8eeadffe55e926d6e77e71',0,0,33,54,0,'FF',9,0,4,'Current:','','',2,2),(392,'3ff8dba1ca6279692b3fcabed0bc2631',0,0,33,54,22,'FF',7,0,1,'Inbound','','',2,1),(393,'d6041d14f9c8fb9b7ddcf3556f763c03',0,0,33,55,0,'FF',1,0,1,'Total Out: |sum:auto:current:2:auto|','','',2,12),(394,'76ae747365553a02313a2d8a0dd55c8a',0,0,33,54,0,'FF',1,0,1,'Total In:  |sum:auto:current:2:auto|','','on',2,5),(403,'8a1b44ab97d3b56207d0e9e77a035d25',0,0,13,95,30,'FF',8,14,1,'Cache Memory','','',2,9),(404,'6db3f439e9764941ff43fbaae348f5dc',0,0,13,95,0,'FF',9,14,4,'Current:','','',2,10),(405,'cc9b2fe7acf0820caa61c1519193f65e',0,0,13,95,0,'FF',9,14,1,'Average:','','',2,11),(406,'9eea140bdfeaa40d50c5cdcd1f23f72d',0,0,13,95,0,'FF',9,14,3,'Maximum:','','on',2,12),(407,'41316670b1a36171de2bda91a0cc2364',0,0,34,96,98,'FF',7,0,1,'','','',2,1),(408,'c9e8cbdca0215b434c902e68755903ea',0,0,34,96,0,'FF',9,0,4,'Current:','','',2,2),(409,'dab91d7093e720841393feea5bdcba85',0,0,34,96,0,'FF',9,0,1,'Average:','','',2,3),(410,'03e5bd2151fea3c90843eb1130b84458',0,0,34,96,0,'FF',9,0,3,'Maximum:','','on',2,4),(423,'e77730862e88e35a5fdbc9aac2fcfcbf',0,0,35,99,48,'FF',7,0,4,'Running Processes','','',2,1),(424,'461dc5f10e051529503724c5b6860748',0,0,35,99,0,'FF',9,0,4,'Last:','','',2,2),(425,'5e2fd28fd42afae5ce84e97ddc05b8d8',0,0,35,99,0,'FF',9,0,1,'Avg:','','',2,3),(426,'99831661cfec7aabaded9fbe1e0ae17d',0,0,35,99,0,'FF',9,0,3,'Max:','','',2,4),(427,'77b68f583273165e3dff32d2f3fa181d',0,0,35,0,0,'FF',1,0,1,'Graph Last Updated: |date_time|','','',2,5),(428,'7075f3b548f05f31347160fff2ad0479',0,0,36,100,48,'FF',7,0,1,'Users','','',2,1),(429,'1e0a2df467df635080e1e8d54b725731',0,0,36,100,0,'FF',9,0,4,'Last:','','',2,2),(430,'e42ab8e7b90e6c22413f1efde054c03c',0,0,36,100,0,'FF',9,0,1,'Avg:','','',2,3),(431,'b8eab2b27b284e4453728c7c0d220fe4',0,0,36,100,0,'FF',9,0,3,'Max:','','on',2,4),(432,'36666f57758cd2805696e54c2601b087',0,0,36,0,0,'FF',1,0,1,'Graph Last Updated: |date_time|','','on',2,5),(433,'ba4ffb81dba8aec867a4349cdaeb4cf1',0,0,37,101,81,'FF',7,0,1,'Established','','',2,1),(434,'1a3e51ddea307ad8057c4596d3a67a48',0,0,37,101,0,'FF',9,0,4,'Last:','','',3,2),(435,'26cbabdeae4ea6b27f5edee23e485852',0,0,37,101,0,'FF',9,0,2,'Min:','','',2,3),(436,'88358ea5d9ebdb83686f9f1612c6cf5f',0,0,37,101,0,'FF',9,0,1,'Avg:','','',2,4),(437,'0f62bf95b2645fb394b4041c75a1ba4f',0,0,37,101,0,'FF',9,0,3,'Max:','','on',2,5),(438,'9d8a520412000061fe7e67b138d9dccf',0,0,37,0,0,'FF',1,0,1,'Graph Last Updated: |date_time|','','on',2,6),(439,'143b056ce7f7016eb884f93985f6cd20',0,0,38,102,31,'FF',5,16,1,'Host Uptime','','',2,1),(440,'3ac206a95ce3de66967f9ec87c85a616',0,0,38,102,0,'FF',9,16,4,'Last:','','',3,2),(441,'e15d699fb9163b3deb6cdfa7fadc47c0',0,0,38,102,0,'FF',9,16,1,'Avg:','','',3,3),(442,'4d511f8e67106133eb803667daf63b0a',0,0,38,102,0,'FF',9,16,3,'Max:','','on',3,4),(443,'ef48593c8d6b7ce5064947ba28b82cb0',0,0,38,103,70,'FF',7,16,1,'Network Mngt Uptime','','',2,5),(444,'964078c8f011bd48fd909a3fdc0827c3',0,0,38,103,0,'FF',9,16,4,'Last:','','',3,6),(445,'d5c623a09fdfc31f051d615b7b1bc136',0,0,38,103,0,'FF',9,16,1,'Avg:','','',3,7),(446,'507f884c76b62a5fddfcd3f75720aa72',0,0,38,103,0,'FF',9,16,3,'Max:','','on',3,8),(447,'1997f99e35e7f7b6622d5aa1b013a8da',0,0,38,0,0,'FF',1,0,1,'Graph Last Updated: |date_time|','','on',2,9),(448,'cc66eba52aa0cf5179a35d9413a9be27',0,0,39,105,95,'FF',4,0,1,'TCP Passive Opens','','',2,1),(449,'1662540bfa06cf49d7100365bc023bc0',0,0,39,105,0,'FF',9,0,4,'Last:','','',2,2),(450,'9a8fb08bf201f0e75d04b36609bf0825',0,0,39,105,0,'FF',9,0,1,'Avg:','','',2,3),(451,'33663c9c56563a969f8ad7babb2e60de',0,0,39,105,0,'FF',9,0,3,'Max:','','on',2,4),(452,'949ff91e6145870083b9641d9c69f5a0',0,0,39,104,17,'FF',4,0,1,'TCP Active Opens','','',2,5),(453,'847a32f16258f07ea61226355264ccc6',0,0,39,104,0,'FF',9,0,4,'Last:','','',2,6),(454,'bd34b447642a4e2a7f0692f495df84eb',0,0,39,104,0,'FF',9,0,1,'Avg:','','',2,7),(455,'a879618cec60e2fbb98e71a850137bfb',0,0,39,104,0,'FF',9,0,3,'Max:','','on',2,8),(456,'b96a911d0639445274efb00d9e9d6bab',0,0,39,107,31,'FF',4,0,1,'TCP Established Resets','','',2,9),(457,'e3bf6b4c9b6e3c7017fc57806c670174',0,0,39,107,0,'FF',9,0,4,'Last:','','',2,10),(458,'684ee0f4fb89b42f16bf4502512f8672',0,0,39,107,0,'FF',9,0,1,'Avg:','','',2,11),(459,'83e36676398a0b4be2d1df6c6d31098a',0,0,39,107,0,'FF',9,0,3,'Max:','','on',2,12),(460,'bf3d51ce6ded499c3e4f7281566a84df',0,0,39,106,9,'FF',4,0,1,'TCP Attemp Fails','','',2,13),(461,'7a24a527373c7b6d3f2df602a58d2771',0,0,39,106,0,'FF',9,0,4,'Last:','','',2,14),(462,'d88f73c607fce80203beb50f4659863b',0,0,39,106,0,'FF',9,0,1,'Avg:','','',2,15),(463,'3d67c08493db33cee02ad3e2a7497bd4',0,0,39,106,0,'FF',9,0,3,'Max:','','on',2,16),(464,'a2b0a50d00f2d84d388b83575dfc9650',0,0,39,0,0,'FF',1,0,1,'Graph Last Updated: |date_time|','','on',2,17),(465,'66f176c6a9021b69e665031127c01e53',0,0,40,108,9,'FF',7,14,1,'Total','','',2,1),(466,'f4182d8337620a82f0610e9e4b0fd397',0,0,40,108,0,'FF',9,14,4,'Last:','','',2,2),(467,'4c2c137b759f24a9563bddf5efde551f',0,0,40,108,0,'FF',9,14,2,'Min:','','',2,3),(468,'bbffeb5b45e7829e08ce9e40d9a5cd14',0,0,40,108,0,'FF',9,14,1,'Avg:','','',2,4),(469,'bfb420de21b01883a267f4a9305c834e',0,0,40,108,0,'FF',9,14,3,'Max:','','on',2,5),(470,'535dc6573a0404cf4f0701f9f408582c',0,0,40,109,87,'FF',8,17,1,'Free','','',2,6),(471,'38aad3f515764ec686d83d31a6af900c',0,0,40,109,0,'FF',9,14,4,'Last:','','',2,7),(472,'011b5537bfcdd746b9b4ab4d9ff7f52c',0,0,40,109,0,'FF',9,14,2,'Min:','','',2,8),(473,'dbd759dde76c32ae4a0434af96416cc6',0,0,40,109,0,'FF',9,14,1,'Avg:','','',2,9),(474,'16361400baea7c27152cadaf57339ba8',0,0,40,109,0,'FF',9,14,3,'Max:','','on',2,10),(475,'32621ffff9b2c0abfa9c97ef0b66fcb2',0,0,40,112,0,'FF',1,14,1,'Used memory includes:','','on',2,11),(476,'b6a755294dc88638265492e2e7ead301',0,0,40,110,25,'FF',7,14,1,'Buffers','','',2,12),(477,'dc1079c21b3690a11a278394f246d590',0,0,40,110,0,'FF',9,14,4,'Last:','','',2,13),(478,'4f68a284af171f4edf9a8669e18288c6',0,0,40,110,0,'FF',9,14,2,'Min:','','',2,14),(479,'0c5c1baea30b16940789a623eaa27bb2',0,0,40,110,0,'FF',9,14,1,'Avg:','','',2,15),(480,'605d3037900f6ae141126da3f13da66c',0,0,40,110,0,'FF',9,14,3,'Max:','','on',2,16),(481,'adfa0bcfd20c2b3988f0a5f68c145908',0,0,40,111,28,'FF',8,14,1,'Cached','','',2,17),(482,'cd5cab941cc56150aa846f205c0bff3d',0,0,40,111,0,'FF',9,14,4,'Last:','','',2,18),(483,'44a6b972c9642cad041d3d8c4ab2ec83',0,0,40,112,0,'FF',9,14,2,'Min:','','',2,19),(484,'65c03d32fd74edd9b429126768662efb',0,0,40,111,0,'FF',9,14,1,'Avg:','','',2,20),(485,'a81d15e42317b0dbd53ea867841b29a2',0,0,40,111,0,'FF',9,14,3,'Max:','','on',2,21),(486,'25670dc1770aef9628173ea780a11607',0,0,40,112,27,'FF',8,14,1,'Shared','','',2,22),(487,'edd65f561195194e3d238c00654c482f',0,0,40,112,0,'FF',9,14,4,'Last:','','',2,23),(488,'1bbfac9a2fe2e2685bf74fdd00036f91',0,0,40,112,0,'FF',9,14,2,'Min:','','',2,24),(489,'d28f1a2010b3e4d1f53a176e39b80331',0,0,40,112,0,'FF',9,14,1,'Avg:','','',2,25),(490,'da20eaf3f63cda77eb25f50577a2286f',0,0,40,112,0,'FF',9,14,3,'Max:','','on',2,26),(491,'826949c507856af5560a550cc0b5d5c9',0,0,41,115,15,'FF',7,0,1,' 1 Minute','','',2,1),(492,'e3a99c1267f67be468bc21854d921754',0,0,41,115,0,'FF',9,0,4,'Current:','','on',4,2),(493,'054a25fcee2012a7712dc4e5e43ce42d',0,0,41,113,8,'FF',5,0,1,' 5 Minutes','','',2,3),(494,'f63216f4db4334364c6deb07c5c5d495',0,0,41,113,0,'FF',9,0,4,'Current:','','on',4,4),(495,'06b1e734d7cb1e8b4b27829d1b765801',0,0,41,114,9,'FF',5,0,1,'15 Minutes','','',2,5),(496,'0f21b6947d5bbafcfd8a319ede845c72',0,0,41,114,0,'FF',9,0,4,'Current:','','on',4,6),(497,'dd0e2f213fd393146a8dc27533a5dfc1',0,0,42,116,0,'FF',1,0,1,'','','',2,3),(498,'f867ba62c61547af151081b1ca61be21',0,0,42,5,9,'FF',7,18,1,'System','','',5,4),(499,'e569dd05be259ed72c3caf2f41dd263d',0,0,42,5,0,'FF',9,18,4,'Last:','','',5,5),(500,'f911a0705e18bd2f62dbef402bbe11a2',0,0,42,5,0,'FF',9,18,2,'Min:','','',5,6),(501,'7b99c4313192186763ed74e3a28741a0',0,0,42,5,0,'FF',9,18,1,'Avg:','','',5,7),(502,'7c0797637cb9077302375703f007e9d2',0,0,42,5,0,'FF',9,18,3,'Max:','','on',5,8),(503,'f0aa83822f20182ee7908be669599fee',0,0,42,6,21,'FF',8,18,1,'User','','',5,9),(504,'b6bac53c509830a10ef670d85b2d3a91',0,0,42,6,0,'FF',9,18,4,'Last:','','',5,10),(505,'c1f1881066df3a59a86904024a8c887f',0,0,42,6,0,'FF',9,18,2,'Min:','','',5,11),(506,'aea684b713007690871122f529cde09b',0,0,42,6,0,'FF',9,18,1,'Avg:','','',5,12),(507,'cae8eb9783077df7e55bc2453f1ad27d',0,0,42,6,0,'FF',9,18,3,'Max:','','on',5,13),(508,'a46ded4c7f9f686cec043eb1f53dabd9',0,0,42,7,12,'FF',8,18,1,'Nice','','',5,14),(509,'41a3d7957091a284cdac4dbe9be489ac',0,0,42,7,0,'FF',9,18,4,'Last:','','',5,18),(510,'48c4153c5b70c0d832b846ad4fccd3fc',0,0,42,7,0,'FF',9,18,2,'Min:','','',5,19),(511,'e67d9b7fba35494fc5bf0e3bc1237bd0',0,0,42,7,0,'FF',9,18,1,'Avg:','','',5,20),(512,'4dde758958464c0fc57a780705967fee',0,0,42,7,0,'FF',9,18,3,'Max:','','on',5,21),(513,'ef395490d3d0af82d58e78178ae854f9',0,0,42,116,1,'FF',4,19,1,'Total Usage','','',5,22),(514,'108a2c6f4b3a2b8c4732e4d3b0b5de06',0,0,42,116,0,'FF',9,19,4,'Last:','','',5,23),(515,'7fa8e76e6793878d92b17cb535b211c7',0,0,42,116,0,'FF',9,19,2,'Min:','','',5,24),(516,'37fa17b91b1951fbc6f92e592f695d07',0,0,42,116,0,'FF',9,19,1,'Avg:','','',5,25),(517,'f7dc41a61343fe1bf30fe368a309abda',0,0,42,116,0,'FF',9,19,3,'Max:','','on',5,26),(518,'9a4039e75156c2240387c66563420b0e',0,0,2,0,102,'FF',7,20,1,'','','',2,9),(519,'43b17f21ae57f4e8d838612d3694b866',0,0,22,51,0,'FF',1,0,1,'Graph Last Updated:|date_time|','','on',2,17),(520,'87fa51f61ad16b3ad435fbfa2e87ac35',0,0,22,0,102,'FF',7,20,1,'','','',2,18),(521,'56dc4c7023262bf9c15fefe6cd240c54',0,0,23,49,0,'FF',1,0,1,'Graph Last Updated:|date_time|','','on',2,9),(522,'5ea1fbfc3fd6069b7fdd3070fc1b6b77',0,0,23,0,102,'FF',7,20,1,'','','',2,10),(523,'612db8b591cdfd7b3a2d8235980a6761',0,0,24,52,0,'FF',1,0,1,'Graph Last Updated:|date_time|','','on',2,9),(524,'c689d3bf3c4812d4a20343a88241b7c3',0,0,24,0,102,'FF',7,20,1,'','','',2,10),(525,'ef1d179fc26f6406828ff552ca882c85',0,0,25,0,102,'FF',7,20,1,'','','',2,9),(526,'c0cbc6b9637c2a6694748d1732746d01',0,0,31,54,0,'FF',1,0,1,'Transfer:  |sum:auto:current:2:auto|','','',2,5),(527,'307da5e1e847b67848a7ac8db5ae62af',0,0,31,54,12,'FF',2,0,1,'95%:','|95:bits:0:current|','',2,6),(528,'970ab82d4e4524c92ad853d3991f0b24',0,0,31,54,0,'FF',1,0,1,'|95:bits:6:current| mbit','','on',2,7),(529,'1969b1b42ec55cd35bb28914fd96d0aa',0,0,31,0,102,'FF',7,20,1,'','','',2,12),(530,'94c2fbd8817ce422921d352afb0d7abb',0,0,31,55,0,'FF',1,0,1,'Transfer: |sum:auto:current:2:auto|','','',2,14),(531,'a98663fa6795a75be57ebdf49dab3fb6',0,0,31,55,21,'FF',2,0,1,'95%:','|95:bits:0:current|','',2,15),(532,'01c2c094112f1647198d52ecf92722cd',0,0,31,0,0,'FF',1,12,1,'|95:bits:6:total:2| mbit','','',2,19),(533,'6ee4edad1407ff6e8457d351c37a8d48',0,0,31,0,0,'FF',1,0,1,'Total Transfer: |sum:auto:total:2:auto|','','on',2,21),(534,'5c3af9591be8b45e2cb932468f9a10c9',0,0,32,55,0,'FF',1,0,3,'Graph Last Updated:|date_time|','','on',2,14),(535,'dc22372cdaf5b37ecc7ddcef862299c3',0,0,32,0,102,'FF',7,20,1,'','','',2,29),(536,'f01bb9a4cc86396250360f1e17b1ac0a',0,0,33,55,102,'FF',7,20,1,'','','',2,13),(1301,'',179,79,21,0,0,'FF',9,15,3,'Maximum:','','on',2,12),(1300,'',178,79,21,0,0,'FF',9,15,1,'Average:','','',2,11),(1299,'',177,79,21,0,0,'FF',9,15,4,'Current:','','',2,10),(1298,'',176,79,21,0,1,'FF',5,15,1,'Total','','',2,9),(1297,'',175,79,21,289,0,'FF',9,14,3,'Maximum:','','on',2,8),(1296,'',174,79,21,289,0,'FF',9,14,1,'Average:','','',2,7),(1295,'',173,79,21,289,0,'FF',9,14,4,'Current:','','',2,6),(1294,'',172,79,21,289,20,'FF',8,14,1,'Available','','',2,5),(1292,'',170,79,21,290,0,'FF',9,14,1,'Average:','','',2,3),(1293,'',171,79,21,290,0,'FF',9,14,3,'Maximum:','','on',2,4),(1291,'',169,79,21,290,0,'FF',9,14,4,'Current:','','',2,2),(1290,'',167,79,21,290,48,'FF',7,14,1,'Used','','',2,1),(1289,'',518,78,2,0,102,'FF',7,20,1,'','','',2,9),(1288,'',16,78,2,288,0,'FF',9,2,3,'Maximum:','','',2,8),(1287,'',15,78,2,288,0,'FF',9,2,1,'Average:','','',2,7),(1286,'',14,78,2,288,0,'FF',9,2,4,'Current:','','',2,6),(1285,'',13,78,2,288,20,'FF',4,2,1,'Outbound','','',2,5),(1284,'',12,78,2,287,0,'FF',9,2,3,'Maximum:','','on',2,4),(1283,'',11,78,2,287,0,'FF',9,2,1,'Average:','','',2,3),(1282,'',10,78,2,287,0,'FF',9,2,4,'Current:','','',2,2),(1281,'',9,78,2,287,22,'FF',7,2,1,'Inbound','','',2,1),(1280,'',303,77,26,285,0,'FF',9,0,3,'Maximum:','','on',2,8),(1279,'',304,77,26,285,0,'FF',9,0,1,'Average:','','',2,7),(1278,'',305,77,26,285,0,'FF',9,0,4,'Current:','','',2,6),(1277,'',306,77,26,285,48,'FF',7,0,1,'Used','','',2,5),(1276,'',310,77,26,286,0,'FF',9,0,3,'Maximum:','','on',2,4),(1193,'',440,66,38,264,0,'FF',9,16,4,'Last:','','',3,2),(1192,'',439,66,38,264,31,'FF',5,16,1,'Host Uptime','','',2,1),(1191,'',438,65,37,0,0,'FF',1,0,1,'Graph Last Updated: |date_time|','','on',2,6),(1190,'',437,65,37,263,0,'FF',9,0,3,'Max:','','on',2,5),(1189,'',436,65,37,263,0,'FF',9,0,1,'Avg:','','',2,4),(1188,'',435,65,37,263,0,'FF',9,0,2,'Min:','','',2,3),(1187,'',434,65,37,263,0,'FF',9,0,4,'Last:','','',3,2),(1186,'',433,65,37,263,81,'FF',7,0,1,'Established','','',2,1),(1185,'',464,64,39,0,0,'FF',1,0,1,'Graph Last Updated: |date_time|','','on',2,17),(1184,'',463,64,39,260,0,'FF',9,0,3,'Max:','','on',2,16),(1183,'',462,64,39,260,0,'FF',9,0,1,'Avg:','','',2,15),(1182,'',461,64,39,260,0,'FF',9,0,4,'Last:','','',2,14),(1181,'',460,64,39,260,9,'FF',4,0,1,'TCP Attemp Fails','','',2,13),(1180,'',459,64,39,261,0,'FF',9,0,3,'Max:','','on',2,12),(1179,'',458,64,39,261,0,'FF',9,0,1,'Avg:','','',2,11),(1178,'',457,64,39,261,0,'FF',9,0,4,'Last:','','',2,10),(1177,'',456,64,39,261,31,'FF',4,0,1,'TCP Established Resets','','',2,9),(1176,'',455,64,39,259,0,'FF',9,0,3,'Max:','','on',2,8),(1175,'',454,64,39,259,0,'FF',9,0,1,'Avg:','','',2,7),(1174,'',453,64,39,259,0,'FF',9,0,4,'Last:','','',2,6),(1173,'',452,64,39,259,17,'FF',4,0,1,'TCP Active Opens','','',2,5),(1172,'',451,64,39,262,0,'FF',9,0,3,'Max:','','on',2,4),(1171,'',450,64,39,262,0,'FF',9,0,1,'Avg:','','',2,3),(1170,'',449,64,39,262,0,'FF',9,0,4,'Last:','','',2,2),(1169,'',448,64,39,262,95,'FF',4,0,1,'TCP Passive Opens','','',2,1),(1168,'',427,63,35,0,0,'FF',1,0,1,'Graph Last Updated: |date_time|','','',2,5),(1167,'',426,63,35,258,0,'FF',9,0,3,'Max:','','',2,4),(1166,'',425,63,35,258,0,'FF',9,0,1,'Avg:','','',2,3),(1165,'',424,63,35,258,0,'FF',9,0,4,'Last:','','',2,2),(1164,'',423,63,35,258,48,'FF',7,0,4,'Running Processes','','',2,1),(1163,'',490,62,40,256,0,'FF',9,14,3,'Max:','','on',2,26),(1162,'',489,62,40,256,0,'FF',9,14,1,'Avg:','','',2,25),(1161,'',488,62,40,256,0,'FF',9,14,2,'Min:','','',2,24),(1160,'',487,62,40,256,0,'FF',9,14,4,'Last:','','',2,23),(1159,'',486,62,40,256,27,'FF',8,14,1,'Shared','','',2,22),(1158,'',485,62,40,255,0,'FF',9,14,3,'Max:','','on',2,21),(1157,'',484,62,40,255,0,'FF',9,14,1,'Avg:','','',2,20),(1156,'',483,62,40,256,0,'FF',9,14,2,'Min:','','',2,19),(1155,'',482,62,40,255,0,'FF',9,14,4,'Last:','','',2,18),(1154,'',481,62,40,255,28,'FF',8,14,1,'Cached','','',2,17),(1153,'',480,62,40,254,0,'FF',9,14,3,'Max:','','on',2,16),(1152,'',479,62,40,254,0,'FF',9,14,1,'Avg:','','',2,15),(1151,'',478,62,40,254,0,'FF',9,14,2,'Min:','','',2,14),(1150,'',477,62,40,254,0,'FF',9,14,4,'Last:','','',2,13),(1149,'',476,62,40,254,25,'FF',7,14,1,'Buffers','','',2,12),(1148,'',475,62,40,256,0,'FF',1,14,1,'Used memory includes:','','on',2,11),(1147,'',474,62,40,253,0,'FF',9,14,3,'Max:','','on',2,10),(1146,'',473,62,40,253,0,'FF',9,14,1,'Avg:','','',2,9),(1145,'',472,62,40,253,0,'FF',9,14,2,'Min:','','',2,8),(1144,'',471,62,40,253,0,'FF',9,14,4,'Last:','','',2,7),(1143,'',470,62,40,253,87,'FF',8,17,1,'Free','','',2,6),(1142,'',469,62,40,257,0,'FF',9,14,3,'Max:','','on',2,5),(1141,'',468,62,40,257,0,'FF',9,14,1,'Avg:','','',2,4),(1140,'',467,62,40,257,0,'FF',9,14,2,'Min:','','',2,3),(1139,'',466,62,40,257,0,'FF',9,14,4,'Last:','','',2,2),(1138,'',465,62,40,257,9,'FF',7,14,1,'Total','','',2,1),(1137,'',496,61,41,250,0,'FF',9,0,4,'Current:','','on',4,6),(1136,'',495,61,41,250,9,'FF',5,0,1,'15 Minutes','','',2,5),(1135,'',494,61,41,252,0,'FF',9,0,4,'Current:','','on',4,4),(1134,'',493,61,41,252,8,'FF',5,0,1,' 5 Minutes','','',2,3),(1133,'',492,61,41,251,0,'FF',9,0,4,'Current:','','on',4,2),(1132,'',491,61,41,251,15,'FF',7,0,1,' 1 Minute','','',2,1),(1131,'',517,60,42,246,0,'FF',9,19,3,'Max:','','on',5,26),(1130,'',516,60,42,246,0,'FF',9,19,1,'Avg:','','',5,25),(1129,'',515,60,42,246,0,'FF',9,19,2,'Min:','','',5,24),(1128,'',514,60,42,246,0,'FF',9,19,4,'Last:','','',5,23),(1127,'',513,60,42,246,1,'FF',4,19,1,'Total Usage','','',5,22),(1126,'',512,60,42,247,0,'FF',9,18,3,'Max:','','on',5,21),(1125,'',511,60,42,247,0,'FF',9,18,1,'Avg:','','',5,20),(1124,'',510,60,42,247,0,'FF',9,18,2,'Min:','','',5,19),(1123,'',509,60,42,247,0,'FF',9,18,4,'Last:','','',5,18),(1122,'',508,60,42,247,12,'FF',8,18,1,'Nice','','',5,14),(1121,'',507,60,42,249,0,'FF',9,18,3,'Max:','','on',5,13),(1120,'',506,60,42,249,0,'FF',9,18,1,'Avg:','','',5,12),(1119,'',505,60,42,249,0,'FF',9,18,2,'Min:','','',5,11),(1118,'',504,60,42,249,0,'FF',9,18,4,'Last:','','',5,10),(1117,'',503,60,42,249,21,'FF',8,18,1,'User','','',5,9),(1116,'',502,60,42,248,0,'FF',9,18,3,'Max:','','on',5,8),(1115,'',501,60,42,248,0,'FF',9,18,1,'Avg:','','',5,7),(1114,'',500,60,42,248,0,'FF',9,18,2,'Min:','','',5,6),(1113,'',499,60,42,248,0,'FF',9,18,4,'Last:','','',5,5),(1112,'',498,60,42,248,9,'FF',7,18,1,'System','','',5,4),(1111,'',497,60,42,246,0,'FF',1,0,1,'','','',2,3),(1310,'',518,80,2,0,102,'FF',7,20,1,'','','',2,9),(1309,'',16,80,2,292,0,'FF',9,2,3,'Maximum:','','',2,8),(1308,'',15,80,2,292,0,'FF',9,2,1,'Average:','','',2,7),(1307,'',14,80,2,292,0,'FF',9,2,4,'Current:','','',2,6),(1275,'',309,77,26,286,0,'FF',9,0,1,'Average:','','',2,3),(1274,'',308,77,26,286,0,'FF',9,0,4,'Current:','','',2,2),(1273,'',307,77,26,286,20,'FF',7,0,1,'Total','','',2,1),(1306,'',13,80,2,292,20,'FF',4,2,1,'Outbound','','',2,5),(1305,'',12,80,2,291,0,'FF',9,2,3,'Maximum:','','on',2,4),(1304,'',11,80,2,291,0,'FF',9,2,1,'Average:','','',2,3),(1303,'',10,80,2,291,0,'FF',9,2,4,'Current:','','',2,2),(1302,'',9,80,2,291,22,'FF',7,2,1,'Inbound','','',2,1),(1264,'',303,75,26,281,0,'FF',9,0,3,'Maximum:','','on',2,8),(1263,'',304,75,26,281,0,'FF',9,0,1,'Average:','','',2,7),(1262,'',305,75,26,281,0,'FF',9,0,4,'Current:','','',2,6),(1261,'',306,75,26,281,48,'FF',7,0,1,'Used','','',2,5),(1260,'',310,75,26,282,0,'FF',9,0,3,'Maximum:','','on',2,4),(1259,'',309,75,26,282,0,'FF',9,0,1,'Average:','','',2,3),(1258,'',308,75,26,282,0,'FF',9,0,4,'Current:','','',2,2),(1257,'',307,75,26,282,20,'FF',7,0,1,'Total','','',2,1),(1256,'',303,74,26,279,0,'FF',9,0,3,'Maximum:','','on',2,8),(1255,'',304,74,26,279,0,'FF',9,0,1,'Average:','','',2,7),(1254,'',305,74,26,279,0,'FF',9,0,4,'Current:','','',2,6),(1253,'',306,74,26,279,48,'FF',7,0,1,'Used','','',2,5),(1252,'',310,74,26,280,0,'FF',9,0,3,'Maximum:','','on',2,4),(1251,'',309,74,26,280,0,'FF',9,0,1,'Average:','','',2,3),(1250,'',308,74,26,280,0,'FF',9,0,4,'Current:','','',2,2),(1249,'',307,74,26,280,20,'FF',7,0,1,'Total','','',2,1),(1248,'',303,73,26,277,0,'FF',9,0,3,'Maximum:','','on',2,8),(1247,'',304,73,26,277,0,'FF',9,0,1,'Average:','','',2,7),(1246,'',305,73,26,277,0,'FF',9,0,4,'Current:','','',2,6),(1245,'',306,73,26,277,48,'FF',7,0,1,'Used','','',2,5),(1244,'',310,73,26,278,0,'FF',9,0,3,'Maximum:','','on',2,4),(1243,'',309,73,26,278,0,'FF',9,0,1,'Average:','','',2,3),(1242,'',308,73,26,278,0,'FF',9,0,4,'Current:','','',2,2),(1241,'',307,73,26,278,20,'FF',7,0,1,'Total','','',2,1),(1240,'',303,72,26,275,0,'FF',9,0,3,'Maximum:','','on',2,8),(1239,'',304,72,26,275,0,'FF',9,0,1,'Average:','','',2,7),(1238,'',305,72,26,275,0,'FF',9,0,4,'Current:','','',2,6),(1237,'',306,72,26,275,48,'FF',7,0,1,'Used','','',2,5),(1236,'',310,72,26,276,0,'FF',9,0,3,'Maximum:','','on',2,4),(1235,'',309,72,26,276,0,'FF',9,0,1,'Average:','','',2,3),(1234,'',308,72,26,276,0,'FF',9,0,4,'Current:','','',2,2),(1233,'',307,72,26,276,20,'FF',7,0,1,'Total','','',2,1),(1232,'',303,71,26,273,0,'FF',9,0,3,'Maximum:','','on',2,8),(1231,'',304,71,26,273,0,'FF',9,0,1,'Average:','','',2,7),(1230,'',305,71,26,273,0,'FF',9,0,4,'Current:','','',2,6),(1229,'',306,71,26,273,48,'FF',7,0,1,'Used','','',2,5),(1228,'',310,71,26,274,0,'FF',9,0,3,'Maximum:','','on',2,4),(1227,'',309,71,26,274,0,'FF',9,0,1,'Average:','','',2,3),(1226,'',308,71,26,274,0,'FF',9,0,4,'Current:','','',2,2),(1225,'',307,71,26,274,20,'FF',7,0,1,'Total','','',2,1),(1224,'',303,70,26,271,0,'FF',9,0,3,'Maximum:','','on',2,8),(1223,'',304,70,26,271,0,'FF',9,0,1,'Average:','','',2,7),(1222,'',305,70,26,271,0,'FF',9,0,4,'Current:','','',2,6),(1221,'',306,70,26,271,48,'FF',7,0,1,'Used','','',2,5),(1220,'',310,70,26,272,0,'FF',9,0,3,'Maximum:','','on',2,4),(1219,'',309,70,26,272,0,'FF',9,0,1,'Average:','','',2,3),(1218,'',308,70,26,272,0,'FF',9,0,4,'Current:','','',2,2),(1217,'',307,70,26,272,20,'FF',7,0,1,'Total','','',2,1),(1216,'',79,69,10,270,0,'FF',9,0,3,'Maximum:','','on',3,4),(1215,'',78,69,10,270,0,'FF',9,0,1,'Average:','','',3,3),(1214,'',77,69,10,270,0,'FF',9,0,4,'Current:','','',3,2),(1213,'',76,69,10,270,67,'FF',7,0,1,'Users','','',2,1),(1212,'',75,68,9,0,1,'FF',4,12,1,'','','on',2,7),(1211,'',74,68,9,269,0,'FF',9,0,4,'Current:','','on',4,6),(1210,'',73,68,9,269,9,'FF',8,0,1,'15 Minute Average','','',2,5),(1209,'',72,68,9,268,0,'FF',9,0,4,'Current:','','on',4,4),(1208,'',71,68,9,268,8,'FF',8,0,1,'5 Minute Average','','',2,3),(1207,'',70,68,9,267,0,'FF',9,0,4,'Current:','','on',4,2),(1206,'',69,68,9,267,15,'FF',7,0,1,'1 Minute Average','','',2,1),(1205,'',432,67,36,0,0,'FF',1,0,1,'Graph Last Updated: |date_time|','','on',2,5),(1204,'',431,67,36,266,0,'FF',9,0,3,'Max:','','on',2,4),(1203,'',430,67,36,266,0,'FF',9,0,1,'Avg:','','',2,3),(1202,'',429,67,36,266,0,'FF',9,0,4,'Last:','','',2,2),(1201,'',428,67,36,266,48,'FF',7,0,1,'Users','','',2,1),(1200,'',447,66,38,0,0,'FF',1,0,1,'Graph Last Updated: |date_time|','','on',2,9),(1199,'',446,66,38,265,0,'FF',9,16,3,'Max:','','on',3,8),(1198,'',445,66,38,265,0,'FF',9,16,1,'Avg:','','',3,7),(1197,'',444,66,38,265,0,'FF',9,16,4,'Last:','','',3,6),(1196,'',443,66,38,265,70,'FF',7,16,1,'Network Mngt Uptime','','',2,5),(1195,'',442,66,38,264,0,'FF',9,16,3,'Max:','','on',3,4),(1194,'',441,66,38,264,0,'FF',9,16,1,'Avg:','','',3,3);
/*!40000 ALTER TABLE `graph_templates_item` ENABLE KEYS */;
UNLOCK TABLES;

--
-- Table structure for table `graph_tree`
--

DROP TABLE IF EXISTS `graph_tree`;
/*!40101 SET @saved_cs_client     = @@character_set_client */;
/*!40101 SET character_set_client = utf8 */;
CREATE TABLE `graph_tree` (
  `id` smallint(5) unsigned NOT NULL AUTO_INCREMENT,
  `sort_type` tinyint(3) unsigned NOT NULL DEFAULT '1',
  `name` varchar(255) NOT NULL DEFAULT '',
  PRIMARY KEY (`id`)
) ENGINE=MyISAM AUTO_INCREMENT=2 DEFAULT CHARSET=latin1;
/*!40101 SET character_set_client = @saved_cs_client */;

--
-- Dumping data for table `graph_tree`
--

LOCK TABLES `graph_tree` WRITE;
/*!40000 ALTER TABLE `graph_tree` DISABLE KEYS */;
INSERT INTO `graph_tree` VALUES (1,1,'Default Tree');
/*!40000 ALTER TABLE `graph_tree` ENABLE KEYS */;
UNLOCK TABLES;

--
-- Table structure for table `graph_tree_items`
--

DROP TABLE IF EXISTS `graph_tree_items`;
/*!40101 SET @saved_cs_client     = @@character_set_client */;
/*!40101 SET character_set_client = utf8 */;
CREATE TABLE `graph_tree_items` (
  `id` mediumint(8) unsigned NOT NULL AUTO_INCREMENT,
  `graph_tree_id` smallint(5) unsigned NOT NULL DEFAULT '0',
  `local_graph_id` mediumint(8) unsigned NOT NULL DEFAULT '0',
  `rra_id` smallint(8) unsigned NOT NULL DEFAULT '0',
  `title` varchar(255) DEFAULT NULL,
  `host_id` mediumint(8) unsigned NOT NULL DEFAULT '0',
  `order_key` varchar(100) NOT NULL DEFAULT '0',
  `host_grouping_type` tinyint(3) unsigned NOT NULL DEFAULT '1',
  `sort_children_type` tinyint(3) unsigned NOT NULL DEFAULT '1',
  PRIMARY KEY (`id`),
  KEY `graph_tree_id` (`graph_tree_id`),
  KEY `host_id` (`host_id`),
  KEY `local_graph_id` (`local_graph_id`),
  KEY `order_key` (`order_key`)
) ENGINE=MyISAM AUTO_INCREMENT=11 DEFAULT CHARSET=latin1;
/*!40101 SET character_set_client = @saved_cs_client */;

--
-- Dumping data for table `graph_tree_items`
--

LOCK TABLES `graph_tree_items` WRITE;
/*!40000 ALTER TABLE `graph_tree_items` DISABLE KEYS */;
INSERT INTO `graph_tree_items` VALUES (10,1,0,5,'',8,'001000000000000000000000000000000000000000000000000000000000000000000000000000000000000000',1,1);
/*!40000 ALTER TABLE `graph_tree_items` ENABLE KEYS */;
UNLOCK TABLES;

--
-- Table structure for table `host`
--

DROP TABLE IF EXISTS `host`;
/*!40101 SET @saved_cs_client     = @@character_set_client */;
/*!40101 SET character_set_client = utf8 */;
CREATE TABLE `host` (
  `id` mediumint(8) unsigned NOT NULL AUTO_INCREMENT,
  `host_template_id` mediumint(8) unsigned NOT NULL DEFAULT '0',
  `description` varchar(150) COLLATE utf8_general_mysql500_ci NOT NULL DEFAULT '',
  `hostname` varchar(250) COLLATE utf8_general_mysql500_ci DEFAULT NULL,
  `notes` mediumtext COLLATE utf8_general_mysql500_ci,
  `snmp_community` varchar(100) COLLATE utf8_general_mysql500_ci DEFAULT NULL,
  `snmp_version` tinyint(1) unsigned NOT NULL DEFAULT '1',
  `snmp_username` varchar(50) COLLATE utf8_general_mysql500_ci DEFAULT NULL,
  `snmp_password` varchar(50) COLLATE utf8_general_mysql500_ci DEFAULT NULL,
  `snmp_auth_protocol` char(5) COLLATE utf8_general_mysql500_ci DEFAULT '',
  `snmp_priv_passphrase` varchar(200) COLLATE utf8_general_mysql500_ci DEFAULT '',
  `snmp_priv_protocol` char(6) COLLATE utf8_general_mysql500_ci DEFAULT '',
  `snmp_context` varchar(64) COLLATE utf8_general_mysql500_ci DEFAULT '',
  `snmp_port` mediumint(5) unsigned NOT NULL DEFAULT '161',
  `snmp_timeout` mediumint(8) unsigned NOT NULL DEFAULT '500',
  `availability_method` smallint(5) unsigned NOT NULL DEFAULT '1',
  `ping_method` smallint(5) unsigned DEFAULT '0',
  `ping_port` int(12) unsigned DEFAULT '0',
  `ping_timeout` int(12) unsigned DEFAULT '500',
  `ping_retries` int(12) unsigned DEFAULT '2',
  `max_oids` int(12) unsigned DEFAULT '10',
  `device_threads` tinyint(2) unsigned NOT NULL DEFAULT '1',
  `disabled` char(2) COLLATE utf8_general_mysql500_ci DEFAULT NULL,
  `status` tinyint(2) NOT NULL DEFAULT '0',
  `status_event_count` mediumint(8) unsigned NOT NULL DEFAULT '0',
  `status_fail_date` datetime NOT NULL DEFAULT '0000-00-00 00:00:00',
  `status_rec_date` datetime NOT NULL DEFAULT '0000-00-00 00:00:00',
  `status_last_error` varchar(255) COLLATE utf8_general_mysql500_ci DEFAULT '',
  `min_time` decimal(10,5) DEFAULT '9.99999',
  `max_time` decimal(10,5) DEFAULT '0.00000',
  `cur_time` decimal(10,5) DEFAULT '0.00000',
  `avg_time` decimal(10,5) DEFAULT '0.00000',
  `total_polls` int(12) unsigned DEFAULT '0',
  `failed_polls` int(12) unsigned DEFAULT '0',
  `availability` decimal(8,5) NOT NULL DEFAULT '100.00000',
  PRIMARY KEY (`id`),
  KEY `disabled` (`disabled`)
) ENGINE=MyISAM AUTO_INCREMENT=9 DEFAULT CHARSET=utf8 COLLATE=utf8_general_mysql500_ci;
/*!40101 SET character_set_client = @saved_cs_client */;

--
-- Dumping data for table `host`
--

LOCK TABLES `host` WRITE;
/*!40000 ALTER TABLE `host` DISABLE KEYS */;
INSERT INTO `host` VALUES (8,9,'Server','127.0.0.1','','public',2,'','','','','','',161,500,2,2,23,400,1,10,1,'',3,0,'0000-00-00 00:00:00','0000-00-00 00:00:00','',0.72000,1147.49000,1.16000,2.17165,473606,0,100.00000);
/*!40000 ALTER TABLE `host` ENABLE KEYS */;
UNLOCK TABLES;

--
-- Table structure for table `host_graph`
--

DROP TABLE IF EXISTS `host_graph`;
/*!40101 SET @saved_cs_client     = @@character_set_client */;
/*!40101 SET character_set_client = utf8 */;
CREATE TABLE `host_graph` (
  `host_id` mediumint(8) unsigned NOT NULL DEFAULT '0',
  `graph_template_id` mediumint(8) unsigned NOT NULL DEFAULT '0',
  PRIMARY KEY (`host_id`,`graph_template_id`)
) ENGINE=MyISAM DEFAULT CHARSET=latin1;
/*!40101 SET character_set_client = @saved_cs_client */;

--
-- Dumping data for table `host_graph`
--

LOCK TABLES `host_graph` WRITE;
/*!40000 ALTER TABLE `host_graph` DISABLE KEYS */;
INSERT INTO `host_graph` VALUES (8,9),(8,10),(8,35),(8,36),(8,37),(8,38),(8,39),(8,40),(8,41),(8,42);
/*!40000 ALTER TABLE `host_graph` ENABLE KEYS */;
UNLOCK TABLES;

--
-- Table structure for table `host_snmp_cache`
--

DROP TABLE IF EXISTS `host_snmp_cache`;
/*!40101 SET @saved_cs_client     = @@character_set_client */;
/*!40101 SET character_set_client = utf8 */;
CREATE TABLE `host_snmp_cache` (
  `host_id` mediumint(8) unsigned NOT NULL DEFAULT '0',
  `snmp_query_id` mediumint(8) unsigned NOT NULL DEFAULT '0',
  `field_name` varchar(50) NOT NULL DEFAULT '',
  `field_value` varchar(255) DEFAULT NULL,
  `snmp_index` varchar(255) NOT NULL DEFAULT '',
  `oid` text NOT NULL,
  `present` tinyint(4) NOT NULL DEFAULT '1',
  PRIMARY KEY (`host_id`,`snmp_query_id`,`field_name`,`snmp_index`),
  KEY `host_id` (`host_id`,`field_name`),
  KEY `snmp_index` (`snmp_index`),
  KEY `field_name` (`field_name`),
  KEY `field_value` (`field_value`),
  KEY `snmp_query_id` (`snmp_query_id`),
  KEY `present` (`present`)
) ENGINE=MyISAM DEFAULT CHARSET=latin1;
/*!40101 SET character_set_client = @saved_cs_client */;

--
-- Dumping data for table `host_snmp_cache`
--

LOCK TABLES `host_snmp_cache` WRITE;
/*!40000 ALTER TABLE `host_snmp_cache` DISABLE KEYS */;
INSERT INTO `host_snmp_cache` VALUES (8,8,'hrStorageDescr','Physical memory','1','',1),(8,6,'dskMount','/','/dev/disk/by-label/DOROOT','',1),(8,6,'dskDevice','/dev/disk/by-label/DOROOT','/dev/disk/by-label/DOROOT','',1),(8,8,'hrStorageAllocationUnits','4096','31','',1),(8,8,'hrStorageAllocationUnits','1024','10','',1),(8,8,'hrStorageAllocationUnits','1024','8','',1),(8,8,'hrStorageAllocationUnits','1024','7','',1),(8,8,'hrStorageAllocationUnits','1024','3','',1),(8,8,'hrStorageAllocationUnits','1024','6','',1),(8,8,'hrStorageAllocationUnits','1024','1','',1),(8,8,'hrStorageDescr','/','31','',1),(8,8,'hrStorageDescr','Swap space','10','',1),(8,8,'hrStorageDescr','Shared memory','8','',1),(8,8,'hrStorageDescr','Cached memory','7','',1),(8,8,'hrStorageDescr','Virtual memory','3','',1),(8,8,'hrStorageDescr','Memory buffers','6','',1),(8,8,'hrStorageIndex','31','31','',1),(8,8,'hrStorageIndex','10','10','',1),(8,8,'hrStorageIndex','8','8','',1),(8,8,'hrStorageIndex','7','7','',1),(8,8,'hrStorageIndex','6','6','',1),(8,8,'hrStorageIndex','3','3','',1),(8,8,'hrStorageIndex','1','1','',1),(8,1,'ifIP','127.0.0.1','1','.1.3.6.1.2.1.4.20.1.2.127.0.0.1',1),(8,1,'ifIP','104.131.64.86','2','.1.3.6.1.2.1.4.20.1.2.104.131.64.86',1),(8,1,'ifHwAddr','04:01:2A:C4:BC:01','2','.1.3.6.1.2.1.2.2.1.6.2',1),(8,1,'ifHwAddr','','1','.1.3.6.1.2.1.2.2.1.6.1',1),(8,1,'ifHighSpeed','0','2','.1.3.6.1.2.1.31.1.1.1.15.2',1),(8,1,'ifHighSpeed','10','1','.1.3.6.1.2.1.31.1.1.1.15.1',1),(8,1,'ifSpeed','0','2','.1.3.6.1.2.1.2.2.1.5.2',1),(8,1,'ifIndex','1','1','.1.3.6.1.2.1.2.2.1.1.1',1),(8,1,'ifIndex','2','2','.1.3.6.1.2.1.2.2.1.1.2',1),(8,1,'ifOperStatus','Up','1','.1.3.6.1.2.1.2.2.1.8.1',1),(8,1,'ifOperStatus','Up','2','.1.3.6.1.2.1.2.2.1.8.2',1),(8,1,'ifDescr','lo','1','.1.3.6.1.2.1.2.2.1.2.1',1),(8,1,'ifDescr','Red Hat, Inc Device 0001','2','.1.3.6.1.2.1.2.2.1.2.2',1),(8,1,'ifName','lo','1','.1.3.6.1.2.1.31.1.1.1.1.1',1),(8,1,'ifName','eth0','2','.1.3.6.1.2.1.31.1.1.1.1.2',1),(8,1,'ifAlias','','1','.1.3.6.1.2.1.31.1.1.1.18.1',1),(8,1,'ifAlias','','2','.1.3.6.1.2.1.31.1.1.1.18.2',1),(8,1,'ifType','24','1','.1.3.6.1.2.1.2.2.1.3.1',1),(8,1,'ifType','6','2','.1.3.6.1.2.1.2.2.1.3.2',1),(8,1,'ifSpeed','10000000','1','.1.3.6.1.2.1.2.2.1.5.1',1),(8,8,'hrStorageAllocationUnits','4096','55','',1),(8,8,'hrStorageAllocationUnits','4096','54','',1),(8,8,'hrStorageAllocationUnits','4096','41','',1),(8,8,'hrStorageAllocationUnits','4096','40','',1),(8,8,'hrStorageAllocationUnits','4096','39','',1),(8,8,'hrStorageAllocationUnits','4096','37','',1),(8,8,'hrStorageDescr','/run/user/0','55','',1),(8,8,'hrStorageDescr','/run/user/999','54','',1),(8,8,'hrStorageDescr','/sys/fs/cgroup','41','',1),(8,8,'hrStorageDescr','/run/lock','40','',1),(8,8,'hrStorageDescr','/dev/shm','39','',1),(8,8,'hrStorageDescr','/run','37','',1),(8,8,'hrStorageIndex','55','55','',1),(8,8,'hrStorageIndex','54','54','',1),(8,8,'hrStorageIndex','41','41','',1),(8,8,'hrStorageIndex','40','40','',1),(8,8,'hrStorageIndex','39','39','',1),(8,8,'hrStorageIndex','37','37','',1);
/*!40000 ALTER TABLE `host_snmp_cache` ENABLE KEYS */;
UNLOCK TABLES;

--
-- Table structure for table `host_snmp_query`
--

DROP TABLE IF EXISTS `host_snmp_query`;
/*!40101 SET @saved_cs_client     = @@character_set_client */;
/*!40101 SET character_set_client = utf8 */;
CREATE TABLE `host_snmp_query` (
  `host_id` mediumint(8) unsigned NOT NULL DEFAULT '0',
  `snmp_query_id` mediumint(8) unsigned NOT NULL DEFAULT '0',
  `sort_field` varchar(50) NOT NULL DEFAULT '',
  `title_format` varchar(50) NOT NULL DEFAULT '',
  `reindex_method` tinyint(3) unsigned NOT NULL DEFAULT '0',
  PRIMARY KEY (`host_id`,`snmp_query_id`),
  KEY `host_id` (`host_id`)
) ENGINE=MyISAM DEFAULT CHARSET=latin1;
/*!40101 SET character_set_client = @saved_cs_client */;

--
-- Dumping data for table `host_snmp_query`
--

LOCK TABLES `host_snmp_query` WRITE;
/*!40000 ALTER TABLE `host_snmp_query` DISABLE KEYS */;
INSERT INTO `host_snmp_query` VALUES (8,6,'dskDevice','|query_dskDevice|',1),(8,8,'hrStorageDescr','|query_hrStorageDescr|',1),(8,1,'ifDescr','|query_ifDescr|',1);
/*!40000 ALTER TABLE `host_snmp_query` ENABLE KEYS */;
UNLOCK TABLES;

--
-- Table structure for table `host_template`
--

DROP TABLE IF EXISTS `host_template`;
/*!40101 SET @saved_cs_client     = @@character_set_client */;
/*!40101 SET character_set_client = utf8 */;
CREATE TABLE `host_template` (
  `id` mediumint(8) unsigned NOT NULL AUTO_INCREMENT,
  `hash` varchar(32) NOT NULL DEFAULT '',
  `name` varchar(100) NOT NULL DEFAULT '',
  PRIMARY KEY (`id`)
) ENGINE=MyISAM AUTO_INCREMENT=10 DEFAULT CHARSET=latin1;
/*!40101 SET character_set_client = @saved_cs_client */;

--
-- Dumping data for table `host_template`
--

LOCK TABLES `host_template` WRITE;
/*!40000 ALTER TABLE `host_template` DISABLE KEYS */;
INSERT INTO `host_template` VALUES (1,'4855b0e3e553085ed57219690285f91f','Generic SNMP-enabled Host'),(3,'07d3fe6a52915f99e642d22e27d967a4','ucd/net SNMP Host'),(4,'4e5dc8dd115264c2e9f3adb725c29413','Karlnet Wireless Bridge'),(5,'cae6a879f86edacb2471055783bec6d0','Cisco Router'),(6,'9ef418b4251751e09c3c416704b01b01','Netware 4/5 Server'),(7,'5b8300be607dce4f030b026a381b91cd','Windows 2000/XP Host'),(8,'2d3e47f416738c2d22c87c40218cc55e','Local Linux Machine'),(9,'ff2eea403f0a087df9bd59edd57e04ef','* Linux Generic');
/*!40000 ALTER TABLE `host_template` ENABLE KEYS */;
UNLOCK TABLES;

--
-- Table structure for table `host_template_graph`
--

DROP TABLE IF EXISTS `host_template_graph`;
/*!40101 SET @saved_cs_client     = @@character_set_client */;
/*!40101 SET character_set_client = utf8 */;
CREATE TABLE `host_template_graph` (
  `host_template_id` mediumint(8) unsigned NOT NULL DEFAULT '0',
  `graph_template_id` mediumint(8) unsigned NOT NULL DEFAULT '0',
  PRIMARY KEY (`host_template_id`,`graph_template_id`),
  KEY `host_template_id` (`host_template_id`)
) ENGINE=MyISAM DEFAULT CHARSET=latin1;
/*!40101 SET character_set_client = @saved_cs_client */;

--
-- Dumping data for table `host_template_graph`
--

LOCK TABLES `host_template_graph` WRITE;
/*!40000 ALTER TABLE `host_template_graph` DISABLE KEYS */;
INSERT INTO `host_template_graph` VALUES (3,4),(3,11),(3,13),(5,18),(6,14),(6,16),(6,17),(6,30),(7,28),(7,29),(8,8),(8,9),(8,10),(8,12),(9,35),(9,36),(9,37),(9,38),(9,39),(9,40),(9,41),(9,42);
/*!40000 ALTER TABLE `host_template_graph` ENABLE KEYS */;
UNLOCK TABLES;

--
-- Table structure for table `host_template_snmp_query`
--

DROP TABLE IF EXISTS `host_template_snmp_query`;
/*!40101 SET @saved_cs_client     = @@character_set_client */;
/*!40101 SET character_set_client = utf8 */;
CREATE TABLE `host_template_snmp_query` (
  `host_template_id` mediumint(8) unsigned NOT NULL DEFAULT '0',
  `snmp_query_id` mediumint(8) unsigned NOT NULL DEFAULT '0',
  PRIMARY KEY (`host_template_id`,`snmp_query_id`),
  KEY `host_template_id` (`host_template_id`)
) ENGINE=MyISAM DEFAULT CHARSET=latin1;
/*!40101 SET character_set_client = @saved_cs_client */;

--
-- Dumping data for table `host_template_snmp_query`
--

LOCK TABLES `host_template_snmp_query` WRITE;
/*!40000 ALTER TABLE `host_template_snmp_query` DISABLE KEYS */;
INSERT INTO `host_template_snmp_query` VALUES (1,1),(3,1),(3,2),(4,1),(4,3),(5,1),(6,1),(6,4),(6,7),(7,1),(7,8),(7,9),(8,6),(9,1),(9,8);
/*!40000 ALTER TABLE `host_template_snmp_query` ENABLE KEYS */;
UNLOCK TABLES;

--
-- Table structure for table `plugin_config`
--

DROP TABLE IF EXISTS `plugin_config`;
/*!40101 SET @saved_cs_client     = @@character_set_client */;
/*!40101 SET character_set_client = utf8 */;
CREATE TABLE `plugin_config` (
  `id` int(8) NOT NULL AUTO_INCREMENT,
  `directory` varchar(32) NOT NULL DEFAULT '',
  `name` varchar(64) NOT NULL DEFAULT '',
  `status` tinyint(2) NOT NULL DEFAULT '0',
  `author` varchar(64) NOT NULL DEFAULT '',
  `webpage` varchar(255) NOT NULL DEFAULT '',
  `version` varchar(8) NOT NULL DEFAULT '',
  PRIMARY KEY (`id`),
  KEY `status` (`status`),
  KEY `directory` (`directory`)
) ENGINE=MyISAM DEFAULT CHARSET=latin1;
/*!40101 SET character_set_client = @saved_cs_client */;

--
-- Dumping data for table `plugin_config`
--

LOCK TABLES `plugin_config` WRITE;
/*!40000 ALTER TABLE `plugin_config` DISABLE KEYS */;
/*!40000 ALTER TABLE `plugin_config` ENABLE KEYS */;
UNLOCK TABLES;

--
-- Table structure for table `plugin_db_changes`
--

DROP TABLE IF EXISTS `plugin_db_changes`;
/*!40101 SET @saved_cs_client     = @@character_set_client */;
/*!40101 SET character_set_client = utf8 */;
CREATE TABLE `plugin_db_changes` (
  `id` int(10) NOT NULL AUTO_INCREMENT,
  `plugin` varchar(16) NOT NULL DEFAULT '',
  `table` varchar(64) NOT NULL DEFAULT '',
  `column` varchar(64) NOT NULL,
  `method` varchar(16) NOT NULL DEFAULT '',
  PRIMARY KEY (`id`),
  KEY `plugin` (`plugin`),
  KEY `method` (`method`)
) ENGINE=MyISAM DEFAULT CHARSET=latin1;
/*!40101 SET character_set_client = @saved_cs_client */;

--
-- Dumping data for table `plugin_db_changes`
--

LOCK TABLES `plugin_db_changes` WRITE;
/*!40000 ALTER TABLE `plugin_db_changes` DISABLE KEYS */;
/*!40000 ALTER TABLE `plugin_db_changes` ENABLE KEYS */;
UNLOCK TABLES;

--
-- Table structure for table `plugin_hooks`
--

DROP TABLE IF EXISTS `plugin_hooks`;
/*!40101 SET @saved_cs_client     = @@character_set_client */;
/*!40101 SET character_set_client = utf8 */;
CREATE TABLE `plugin_hooks` (
  `id` int(8) NOT NULL AUTO_INCREMENT,
  `name` varchar(32) NOT NULL DEFAULT '',
  `hook` varchar(64) NOT NULL DEFAULT '',
  `file` varchar(255) NOT NULL DEFAULT '',
  `function` varchar(128) NOT NULL DEFAULT '',
  `status` int(8) NOT NULL DEFAULT '0',
  PRIMARY KEY (`id`),
  KEY `hook` (`hook`),
  KEY `status` (`status`)
) ENGINE=MyISAM AUTO_INCREMENT=3 DEFAULT CHARSET=latin1;
/*!40101 SET character_set_client = @saved_cs_client */;

--
-- Dumping data for table `plugin_hooks`
--

LOCK TABLES `plugin_hooks` WRITE;
/*!40000 ALTER TABLE `plugin_hooks` DISABLE KEYS */;
INSERT INTO `plugin_hooks` VALUES (1,'internal','config_arrays','','plugin_config_arrays',1),(2,'internal','draw_navigation_text','','plugin_draw_navigation_text',1);
/*!40000 ALTER TABLE `plugin_hooks` ENABLE KEYS */;
UNLOCK TABLES;

--
-- Table structure for table `plugin_realms`
--

DROP TABLE IF EXISTS `plugin_realms`;
/*!40101 SET @saved_cs_client     = @@character_set_client */;
/*!40101 SET character_set_client = utf8 */;
CREATE TABLE `plugin_realms` (
  `id` int(8) NOT NULL AUTO_INCREMENT,
  `plugin` varchar(32) NOT NULL DEFAULT '',
  `file` text NOT NULL,
  `display` varchar(64) NOT NULL DEFAULT '',
  PRIMARY KEY (`id`),
  KEY `plugin` (`plugin`)
) ENGINE=MyISAM AUTO_INCREMENT=2 DEFAULT CHARSET=latin1;
/*!40101 SET character_set_client = @saved_cs_client */;

--
-- Dumping data for table `plugin_realms`
--

LOCK TABLES `plugin_realms` WRITE;
/*!40000 ALTER TABLE `plugin_realms` DISABLE KEYS */;
INSERT INTO `plugin_realms` VALUES (1,'internal','plugins.php','Plugin Management');
/*!40000 ALTER TABLE `plugin_realms` ENABLE KEYS */;
UNLOCK TABLES;

--
-- Table structure for table `poller`
--

DROP TABLE IF EXISTS `poller`;
/*!40101 SET @saved_cs_client     = @@character_set_client */;
/*!40101 SET character_set_client = utf8 */;
CREATE TABLE `poller` (
  `id` smallint(5) unsigned NOT NULL AUTO_INCREMENT,
  `hostname` varchar(250) NOT NULL DEFAULT '',
  `ip_address` int(11) unsigned NOT NULL DEFAULT '0',
  `last_update` datetime NOT NULL DEFAULT '0000-00-00 00:00:00',
  PRIMARY KEY (`id`)
) ENGINE=MyISAM DEFAULT CHARSET=latin1;
/*!40101 SET character_set_client = @saved_cs_client */;

--
-- Dumping data for table `poller`
--

LOCK TABLES `poller` WRITE;
/*!40000 ALTER TABLE `poller` DISABLE KEYS */;
/*!40000 ALTER TABLE `poller` ENABLE KEYS */;
UNLOCK TABLES;

--
-- Table structure for table `poller_command`
--

DROP TABLE IF EXISTS `poller_command`;
/*!40101 SET @saved_cs_client     = @@character_set_client */;
/*!40101 SET character_set_client = utf8 */;
CREATE TABLE `poller_command` (
  `poller_id` smallint(5) unsigned NOT NULL DEFAULT '0',
  `time` datetime NOT NULL DEFAULT '0000-00-00 00:00:00',
  `action` tinyint(3) unsigned NOT NULL DEFAULT '0',
  `command` varchar(200) NOT NULL DEFAULT '',
  PRIMARY KEY (`poller_id`,`action`,`command`)
) ENGINE=MyISAM DEFAULT CHARSET=latin1;
/*!40101 SET character_set_client = @saved_cs_client */;

--
-- Dumping data for table `poller_command`
--

LOCK TABLES `poller_command` WRITE;
/*!40000 ALTER TABLE `poller_command` DISABLE KEYS */;
/*!40000 ALTER TABLE `poller_command` ENABLE KEYS */;
UNLOCK TABLES;

--
-- Table structure for table `poller_item`
--

DROP TABLE IF EXISTS `poller_item`;
/*!40101 SET @saved_cs_client     = @@character_set_client */;
/*!40101 SET character_set_client = utf8 */;
CREATE TABLE `poller_item` (
  `local_data_id` mediumint(8) unsigned NOT NULL DEFAULT '0',
  `poller_id` smallint(5) unsigned NOT NULL DEFAULT '0',
  `host_id` mediumint(8) unsigned NOT NULL DEFAULT '0',
  `action` tinyint(2) unsigned NOT NULL DEFAULT '1',
  `present` tinyint(4) NOT NULL DEFAULT '1',
  `hostname` varchar(250) NOT NULL DEFAULT '',
  `snmp_community` varchar(100) NOT NULL DEFAULT '',
  `snmp_version` tinyint(1) unsigned NOT NULL DEFAULT '0',
  `snmp_username` varchar(50) NOT NULL DEFAULT '',
  `snmp_password` varchar(50) NOT NULL DEFAULT '',
  `snmp_auth_protocol` varchar(5) NOT NULL DEFAULT '',
  `snmp_priv_passphrase` varchar(200) NOT NULL DEFAULT '',
  `snmp_priv_protocol` varchar(6) NOT NULL DEFAULT '',
  `snmp_context` varchar(64) DEFAULT '',
  `snmp_port` mediumint(5) unsigned NOT NULL DEFAULT '161',
  `snmp_timeout` mediumint(8) unsigned NOT NULL DEFAULT '0',
  `rrd_name` varchar(19) NOT NULL DEFAULT '',
  `rrd_path` varchar(255) NOT NULL DEFAULT '',
  `rrd_num` tinyint(2) unsigned NOT NULL DEFAULT '0',
  `rrd_step` mediumint(8) NOT NULL DEFAULT '300',
  `rrd_next_step` mediumint(8) NOT NULL DEFAULT '0',
  `arg1` text,
  `arg2` varchar(255) DEFAULT NULL,
  `arg3` varchar(255) DEFAULT NULL,
  PRIMARY KEY (`local_data_id`,`rrd_name`),
  KEY `local_data_id` (`local_data_id`),
  KEY `host_id` (`host_id`),
  KEY `rrd_next_step` (`rrd_next_step`),
  KEY `action` (`action`),
  KEY `present` (`present`)
) ENGINE=MyISAM DEFAULT CHARSET=latin1;
/*!40101 SET character_set_client = @saved_cs_client */;

--
-- Dumping data for table `poller_item`
--

LOCK TABLES `poller_item` WRITE;
/*!40000 ALTER TABLE `poller_item` DISABLE KEYS */;
INSERT INTO `poller_item` VALUES (122,0,8,0,1,'127.0.0.1','public',2,'','','','','','',161,500,'cpu_idle','/var/lib/cacti/rra/server_cpu_idle_122.rrd',1,300,0,'.1.3.6.1.4.1.2021.11.53.0','',''),(123,0,8,0,1,'127.0.0.1','public',2,'','','','','','',161,500,'cpu_nice','/var/lib/cacti/rra/server_cpu_nice_123.rrd',1,300,0,'.1.3.6.1.4.1.2021.11.51.0','',''),(124,0,8,0,1,'127.0.0.1','public',2,'','','','','','',161,500,'cpu_system','/var/lib/cacti/rra/server_cpu_system_124.rrd',1,300,0,'.1.3.6.1.4.1.2021.11.52.0','',''),(125,0,8,0,1,'127.0.0.1','public',2,'','','','','','',161,500,'cpu_user','/var/lib/cacti/rra/server_cpu_user_125.rrd',1,300,0,'.1.3.6.1.4.1.2021.11.50.0','',''),(126,0,8,0,1,'127.0.0.1','public',2,'','','','','','',161,500,'ucd_load15min','/var/lib/cacti/rra/server_ucd_load15min_126.rrd',1,300,0,'.1.3.6.1.4.1.2021.10.1.3.3','',''),(127,0,8,0,1,'127.0.0.1','public',2,'','','','','','',161,500,'ucd_load1min','/var/lib/cacti/rra/server_ucd_load1min_127.rrd',1,300,0,'.1.3.6.1.4.1.2021.10.1.3.1','',''),(128,0,8,0,1,'127.0.0.1','public',2,'','','','','','',161,500,'ucd_load5min','/var/lib/cacti/rra/server_ucd_load5min_128.rrd',1,300,0,'.1.3.6.1.4.1.2021.10.1.3.2','',''),(129,0,8,0,1,'127.0.0.1','public',2,'','','','','','',161,500,'ucd_memAvailReal','/var/lib/cacti/rra/server_ucd_memavailreal_129.rrd',1,300,0,'.1.3.6.1.4.1.2021.4.6.0','',''),(130,0,8,0,1,'127.0.0.1','public',2,'','','','','','',161,500,'ucd_memBuffer','/var/lib/cacti/rra/server_ucd_membuffer_130.rrd',1,300,0,'.1.3.6.1.4.1.2021.4.14.0','',''),(131,0,8,0,1,'127.0.0.1','public',2,'','','','','','',161,500,'ucd_memCached','/var/lib/cacti/rra/server_ucd_memcached_131.rrd',1,300,0,'.1.3.6.1.4.1.2021.4.15.0','',''),(132,0,8,0,1,'127.0.0.1','public',2,'','','','','','',161,500,'ucd_memShared','/var/lib/cacti/rra/server_ucd_memshared_132.rrd',1,300,0,'.1.3.6.1.4.1.2021.4.13.0','',''),(133,0,8,0,1,'127.0.0.1','public',2,'','','','','','',161,500,'ucd_memTotalReal','/var/lib/cacti/rra/server_ucd_memtotalreal_133.rrd',1,300,0,'.1.3.6.1.4.1.2021.4.5.0','',''),(134,0,8,0,1,'127.0.0.1','public',2,'','','','','','',161,500,'ucd_hrSystemProcess','/var/lib/cacti/rra/server_ucd_hrsystemprocess_134.rrd',1,300,0,'.1.3.6.1.2.1.25.1.6.0','',''),(135,0,8,0,1,'127.0.0.1','public',2,'','','','','','',161,500,'ucd_tcpActiveOpens','/var/lib/cacti/rra/server_ucd_tcpactiveopens_135.rrd',1,300,0,'.1.3.6.1.2.1.6.5.0','',''),(136,0,8,0,1,'127.0.0.1','public',2,'','','','','','',161,500,'ucd_tcpAttemptFails','/var/lib/cacti/rra/server_ucd_tcpattemptfails_136.rrd',1,300,0,'.1.3.6.1.2.1.6.7.0','',''),(137,0,8,0,1,'127.0.0.1','public',2,'','','','','','',161,500,'ucd_tcpEstabResets','/var/lib/cacti/rra/server_ucd_tcpestabresets_137.rrd',1,300,0,'.1.3.6.1.2.1.6.8.0','',''),(138,0,8,0,1,'127.0.0.1','public',2,'','','','','','',161,500,'ucd_tcpPassiveOpens','/var/lib/cacti/rra/server_ucd_tcppassiveopens_138.rrd',1,300,0,'.1.3.6.1.2.1.6.6.0','',''),(139,0,8,0,1,'127.0.0.1','public',2,'','','','','','',161,500,'ucd_tcpCurrEstab','/var/lib/cacti/rra/server_ucd_tcpcurrestab_139.rrd',1,300,0,'.1.3.6.1.2.1.6.9.0','',''),(140,0,8,0,1,'127.0.0.1','public',2,'','','','','','',161,500,'ucd_hrSystemUptime','/var/lib/cacti/rra/server_ucd_hrsystemuptime_140.rrd',1,300,0,'.1.3.6.1.2.1.25.1.1.0','',''),(141,0,8,0,1,'127.0.0.1','public',2,'','','','','','',161,500,'ucd_sysUptime','/var/lib/cacti/rra/server_ucd_sysuptime_141.rrd',1,300,0,'.1.3.6.1.2.1.1.3.0','',''),(142,0,8,0,1,'127.0.0.1','public',2,'','','','','','',161,500,'users','/var/lib/cacti/rra/server_users_142.rrd',1,300,0,'.1.3.6.1.2.1.25.1.5.0','',''),(143,0,8,1,1,'127.0.0.1','public',2,'','','','','','',161,500,'','/var/lib/cacti/rra/server_load_1min_143.rrd',1,300,0,'perl /usr/share/cacti/site/scripts/loadavg_multi.pl','',''),(144,0,8,1,1,'127.0.0.1','public',2,'','','','','','',161,500,'users','/var/lib/cacti/rra/server_users_144.rrd',1,300,0,'perl /usr/share/cacti/site/scripts/unix_users.pl ','',''),(145,0,8,2,1,'127.0.0.1','public',2,'','','','','','',161,500,'hdd_used','/var/lib/cacti/rra/server_hdd_used_145.rrd',2,300,0,'/usr/share/cacti/site/scripts/ss_host_disk.php ss_host_disk 127.0.0.1 8 2:161:500:1:10:public:::::: get used 1','',''),(145,0,8,2,1,'127.0.0.1','public',2,'','','','','','',161,500,'hdd_total','/var/lib/cacti/rra/server_hdd_used_145.rrd',2,300,0,'/usr/share/cacti/site/scripts/ss_host_disk.php ss_host_disk 127.0.0.1 8 2:161:500:1:10:public:::::: get total 1','',''),(146,0,8,2,1,'127.0.0.1','public',2,'','','','','','',161,500,'hdd_used','/var/lib/cacti/rra/server_hdd_used_146.rrd',2,300,0,'/usr/share/cacti/site/scripts/ss_host_disk.php ss_host_disk 127.0.0.1 8 2:161:500:1:10:public:::::: get used 3','',''),(146,0,8,2,1,'127.0.0.1','public',2,'','','','','','',161,500,'hdd_total','/var/lib/cacti/rra/server_hdd_used_146.rrd',2,300,0,'/usr/share/cacti/site/scripts/ss_host_disk.php ss_host_disk 127.0.0.1 8 2:161:500:1:10:public:::::: get total 3','',''),(147,0,8,2,1,'127.0.0.1','public',2,'','','','','','',161,500,'hdd_used','/var/lib/cacti/rra/server_hdd_used_147.rrd',2,300,0,'/usr/share/cacti/site/scripts/ss_host_disk.php ss_host_disk 127.0.0.1 8 2:161:500:1:10:public:::::: get used 6','',''),(147,0,8,2,1,'127.0.0.1','public',2,'','','','','','',161,500,'hdd_total','/var/lib/cacti/rra/server_hdd_used_147.rrd',2,300,0,'/usr/share/cacti/site/scripts/ss_host_disk.php ss_host_disk 127.0.0.1 8 2:161:500:1:10:public:::::: get total 6','',''),(148,0,8,2,1,'127.0.0.1','public',2,'','','','','','',161,500,'hdd_used','/var/lib/cacti/rra/server_hdd_used_148.rrd',2,300,0,'/usr/share/cacti/site/scripts/ss_host_disk.php ss_host_disk 127.0.0.1 8 2:161:500:1:10:public:::::: get used 7','',''),(148,0,8,2,1,'127.0.0.1','public',2,'','','','','','',161,500,'hdd_total','/var/lib/cacti/rra/server_hdd_used_148.rrd',2,300,0,'/usr/share/cacti/site/scripts/ss_host_disk.php ss_host_disk 127.0.0.1 8 2:161:500:1:10:public:::::: get total 7','',''),(149,0,8,2,1,'127.0.0.1','public',2,'','','','','','',161,500,'hdd_used','/var/lib/cacti/rra/server_hdd_used_149.rrd',2,300,0,'/usr/share/cacti/site/scripts/ss_host_disk.php ss_host_disk 127.0.0.1 8 2:161:500:1:10:public:::::: get used 8','',''),(149,0,8,2,1,'127.0.0.1','public',2,'','','','','','',161,500,'hdd_total','/var/lib/cacti/rra/server_hdd_used_149.rrd',2,300,0,'/usr/share/cacti/site/scripts/ss_host_disk.php ss_host_disk 127.0.0.1 8 2:161:500:1:10:public:::::: get total 8','',''),(150,0,8,2,1,'127.0.0.1','public',2,'','','','','','',161,500,'hdd_used','/var/lib/cacti/rra/server_hdd_used_150.rrd',2,300,0,'/usr/share/cacti/site/scripts/ss_host_disk.php ss_host_disk 127.0.0.1 8 2:161:500:1:10:public:::::: get used 10','',''),(150,0,8,2,1,'127.0.0.1','public',2,'','','','','','',161,500,'hdd_total','/var/lib/cacti/rra/server_hdd_used_150.rrd',2,300,0,'/usr/share/cacti/site/scripts/ss_host_disk.php ss_host_disk 127.0.0.1 8 2:161:500:1:10:public:::::: get total 10','',''),(152,0,8,2,1,'127.0.0.1','public',2,'','','','','','',161,500,'hdd_used','/var/lib/cacti/rra/server_hdd_used_152.rrd',2,300,0,'/usr/share/cacti/site/scripts/ss_host_disk.php ss_host_disk 127.0.0.1 8 2:161:500:1:10:public:::::: get used 31','',''),(152,0,8,2,1,'127.0.0.1','public',2,'','','','','','',161,500,'hdd_total','/var/lib/cacti/rra/server_hdd_used_152.rrd',2,300,0,'/usr/share/cacti/site/scripts/ss_host_disk.php ss_host_disk 127.0.0.1 8 2:161:500:1:10:public:::::: get total 31','',''),(153,0,8,0,1,'127.0.0.1','public',2,'','','','','','',161,500,'traffic_in','/var/lib/cacti/rra/server_traffic_in_153.rrd',2,300,0,'.1.3.6.1.2.1.31.1.1.1.6.2','',''),(153,0,8,0,1,'127.0.0.1','public',2,'','','','','','',161,500,'traffic_out','/var/lib/cacti/rra/server_traffic_in_153.rrd',2,300,0,'.1.3.6.1.2.1.31.1.1.1.10.2','',''),(154,0,8,1,1,'127.0.0.1','public',2,'','','','','','',161,500,'hdd_free','/var/lib/cacti/rra/server_hdd_free_154.rrd',2,300,0,'perl /usr/share/cacti/site/scripts/query_unix_partitions.pl  get available /dev/disk/by-label/DOROOT','',''),(154,0,8,1,1,'127.0.0.1','public',2,'','','','','','',161,500,'hdd_used','/var/lib/cacti/rra/server_hdd_free_154.rrd',2,300,0,'perl /usr/share/cacti/site/scripts/query_unix_partitions.pl  get used /dev/disk/by-label/DOROOT','',''),(155,0,8,0,1,'127.0.0.1','public',2,'','','','','','',161,500,'traffic_in','/var/lib/cacti/rra/server_traffic_in_155.rrd',2,300,0,'.1.3.6.1.2.1.2.2.1.10.2','',''),(155,0,8,0,1,'127.0.0.1','public',2,'','','','','','',161,500,'traffic_out','/var/lib/cacti/rra/server_traffic_in_155.rrd',2,300,0,'.1.3.6.1.2.1.2.2.1.16.2','','');
/*!40000 ALTER TABLE `poller_item` ENABLE KEYS */;
UNLOCK TABLES;

--
-- Table structure for table `poller_output`
--

DROP TABLE IF EXISTS `poller_output`;
/*!40101 SET @saved_cs_client     = @@character_set_client */;
/*!40101 SET character_set_client = utf8 */;
CREATE TABLE `poller_output` (
  `local_data_id` mediumint(8) unsigned NOT NULL DEFAULT '0',
  `rrd_name` varchar(19) NOT NULL DEFAULT '',
  `time` datetime NOT NULL DEFAULT '0000-00-00 00:00:00',
  `output` text NOT NULL,
  PRIMARY KEY (`local_data_id`,`rrd_name`,`time`) USING BTREE
) ENGINE=MyISAM DEFAULT CHARSET=latin1;
/*!40101 SET character_set_client = @saved_cs_client */;

--
-- Dumping data for table `poller_output`
--

LOCK TABLES `poller_output` WRITE;
/*!40000 ALTER TABLE `poller_output` DISABLE KEYS */;
/*!40000 ALTER TABLE `poller_output` ENABLE KEYS */;
UNLOCK TABLES;

--
-- Table structure for table `poller_reindex`
--

DROP TABLE IF EXISTS `poller_reindex`;
/*!40101 SET @saved_cs_client     = @@character_set_client */;
/*!40101 SET character_set_client = utf8 */;
CREATE TABLE `poller_reindex` (
  `host_id` mediumint(8) unsigned NOT NULL DEFAULT '0',
  `data_query_id` mediumint(8) unsigned NOT NULL DEFAULT '0',
  `action` tinyint(3) unsigned NOT NULL DEFAULT '0',
  `present` tinyint(4) NOT NULL DEFAULT '1',
  `op` char(1) NOT NULL DEFAULT '',
  `assert_value` varchar(100) NOT NULL DEFAULT '',
  `arg1` varchar(255) NOT NULL DEFAULT '',
  PRIMARY KEY (`host_id`,`data_query_id`,`arg1`),
  KEY `present` (`present`)
) ENGINE=MyISAM DEFAULT CHARSET=latin1;
/*!40101 SET character_set_client = @saved_cs_client */;

--
-- Dumping data for table `poller_reindex`
--

LOCK TABLES `poller_reindex` WRITE;
/*!40000 ALTER TABLE `poller_reindex` DISABLE KEYS */;
INSERT INTO `poller_reindex` VALUES (8,1,0,1,'<','3488513696','.1.3.6.1.2.1.1.3.0'),(8,8,0,1,'<','3488513696','.1.3.6.1.2.1.1.3.0'),(8,6,0,1,'<','3488513696','.1.3.6.1.2.1.1.3.0');
/*!40000 ALTER TABLE `poller_reindex` ENABLE KEYS */;
UNLOCK TABLES;

--
-- Table structure for table `poller_time`
--

DROP TABLE IF EXISTS `poller_time`;
/*!40101 SET @saved_cs_client     = @@character_set_client */;
/*!40101 SET character_set_client = utf8 */;
CREATE TABLE `poller_time` (
  `id` mediumint(8) unsigned NOT NULL AUTO_INCREMENT,
  `pid` int(11) unsigned NOT NULL DEFAULT '0',
  `poller_id` smallint(5) unsigned NOT NULL DEFAULT '0',
  `start_time` datetime NOT NULL DEFAULT '0000-00-00 00:00:00',
  `end_time` datetime NOT NULL DEFAULT '0000-00-00 00:00:00',
  PRIMARY KEY (`id`)
) ENGINE=MyISAM AUTO_INCREMENT=2 DEFAULT CHARSET=utf8 COLLATE=utf8_general_mysql500_ci;
/*!40101 SET character_set_client = @saved_cs_client */;

--
-- Dumping data for table `poller_time`
--

LOCK TABLES `poller_time` WRITE;
/*!40000 ALTER TABLE `poller_time` DISABLE KEYS */;
INSERT INTO `poller_time` VALUES (1,32605,0,'2019-06-06 18:40:01','2019-06-06 18:40:02');
/*!40000 ALTER TABLE `poller_time` ENABLE KEYS */;
UNLOCK TABLES;

--
-- Table structure for table `rra`
--

DROP TABLE IF EXISTS `rra`;
/*!40101 SET @saved_cs_client     = @@character_set_client */;
/*!40101 SET character_set_client = utf8 */;
CREATE TABLE `rra` (
  `id` mediumint(8) unsigned NOT NULL AUTO_INCREMENT,
  `hash` varchar(32) NOT NULL DEFAULT '',
  `name` varchar(100) NOT NULL DEFAULT '',
  `x_files_factor` double NOT NULL DEFAULT '0.1',
  `steps` mediumint(8) DEFAULT '1',
  `rows` int(12) NOT NULL DEFAULT '600',
  `timespan` int(12) unsigned NOT NULL DEFAULT '0',
  PRIMARY KEY (`id`)
) ENGINE=MyISAM AUTO_INCREMENT=6 DEFAULT CHARSET=latin1;
/*!40101 SET character_set_client = @saved_cs_client */;

--
-- Dumping data for table `rra`
--

LOCK TABLES `rra` WRITE;
/*!40000 ALTER TABLE `rra` DISABLE KEYS */;
INSERT INTO `rra` VALUES (1,'c21df5178e5c955013591239eb0afd46','Daily (5 Minute Average)',0.5,1,600,86400),(2,'0d9c0af8b8acdc7807943937b3208e29','Weekly (30 Minute Average)',0.5,6,700,604800),(3,'6fc2d038fb42950138b0ce3e9874cc60','Monthly (2 Hour Average)',0.5,24,775,2678400),(4,'e36f3adb9f152adfa5dc50fd2b23337e','Yearly (1 Day Average)',0.5,288,797,33053184),(5,'283ea2bf1634d92ce081ec82a634f513','Hourly (1 Minute Average)',0.5,1,500,14400);
/*!40000 ALTER TABLE `rra` ENABLE KEYS */;
UNLOCK TABLES;

--
-- Table structure for table `rra_cf`
--

DROP TABLE IF EXISTS `rra_cf`;
/*!40101 SET @saved_cs_client     = @@character_set_client */;
/*!40101 SET character_set_client = utf8 */;
CREATE TABLE `rra_cf` (
  `rra_id` mediumint(8) unsigned NOT NULL DEFAULT '0',
  `consolidation_function_id` smallint(5) unsigned NOT NULL DEFAULT '0',
  PRIMARY KEY (`rra_id`,`consolidation_function_id`),
  KEY `rra_id` (`rra_id`)
) ENGINE=MyISAM DEFAULT CHARSET=latin1;
/*!40101 SET character_set_client = @saved_cs_client */;

--
-- Dumping data for table `rra_cf`
--

LOCK TABLES `rra_cf` WRITE;
/*!40000 ALTER TABLE `rra_cf` DISABLE KEYS */;
INSERT INTO `rra_cf` VALUES (1,1),(1,3),(2,1),(2,3),(3,1),(3,3),(4,1),(4,3),(5,1),(5,3);
/*!40000 ALTER TABLE `rra_cf` ENABLE KEYS */;
UNLOCK TABLES;

--
-- Table structure for table `settings`
--

DROP TABLE IF EXISTS `settings`;
/*!40101 SET @saved_cs_client     = @@character_set_client */;
/*!40101 SET character_set_client = utf8 */;
CREATE TABLE `settings` (
  `name` varchar(50) NOT NULL DEFAULT '',
  `value` varchar(255) NOT NULL DEFAULT '',
  PRIMARY KEY (`name`)
) ENGINE=MyISAM DEFAULT CHARSET=latin1;
/*!40101 SET character_set_client = @saved_cs_client */;

--
-- Dumping data for table `settings`
--

LOCK TABLES `settings` WRITE;
/*!40000 ALTER TABLE `settings` DISABLE KEYS */;
INSERT INTO `settings` VALUES ('path_php_binary','/usr/bin/php'),('path_rrdtool','/usr/bin/rrdtool'),('poller_lastrun','1559857201'),('path_webroot','/usr/share/cacti/site'),('date','2019-06-06 18:40:01'),('stats_poller','Time:0.2839 Method:cmd.php Processes:1 Threads:N/A Hosts:2 HostsPerProcess:2 DataSources:43 RRDsProcessed:33'),('stats_recache','RecacheTime:0.0 HostsRecached:0'),('path_snmpwalk','/usr/bin/snmpwalk'),('path_snmpget','/usr/bin/snmpget'),('path_snmpbulkwalk','/usr/bin/snmpbulkwalk'),('path_snmpgetnext','/usr/bin/snmpgetnext'),('path_cactilog','/var/log/cacti/cacti.log'),('snmp_version','net-snmp'),('rrdtool_version','rrd-1.4.x');
/*!40000 ALTER TABLE `settings` ENABLE KEYS */;
UNLOCK TABLES;

--
-- Table structure for table `settings_graphs`
--

DROP TABLE IF EXISTS `settings_graphs`;
/*!40101 SET @saved_cs_client     = @@character_set_client */;
/*!40101 SET character_set_client = utf8 */;
CREATE TABLE `settings_graphs` (
  `user_id` smallint(8) unsigned NOT NULL DEFAULT '0',
  `name` varchar(50) NOT NULL DEFAULT '',
  `value` varchar(255) NOT NULL DEFAULT '',
  PRIMARY KEY (`user_id`,`name`)
) ENGINE=MyISAM DEFAULT CHARSET=latin1;
/*!40101 SET character_set_client = @saved_cs_client */;

--
-- Dumping data for table `settings_graphs`
--

LOCK TABLES `settings_graphs` WRITE;
/*!40000 ALTER TABLE `settings_graphs` DISABLE KEYS */;
/*!40000 ALTER TABLE `settings_graphs` ENABLE KEYS */;
UNLOCK TABLES;

--
-- Table structure for table `settings_tree`
--

DROP TABLE IF EXISTS `settings_tree`;
/*!40101 SET @saved_cs_client     = @@character_set_client */;
/*!40101 SET character_set_client = utf8 */;
CREATE TABLE `settings_tree` (
  `user_id` mediumint(8) unsigned NOT NULL DEFAULT '0',
  `graph_tree_item_id` mediumint(8) unsigned NOT NULL DEFAULT '0',
  `status` tinyint(1) NOT NULL DEFAULT '0',
  PRIMARY KEY (`user_id`,`graph_tree_item_id`)
) ENGINE=MyISAM DEFAULT CHARSET=latin1;
/*!40101 SET character_set_client = @saved_cs_client */;

--
-- Dumping data for table `settings_tree`
--

LOCK TABLES `settings_tree` WRITE;
/*!40000 ALTER TABLE `settings_tree` DISABLE KEYS */;
/*!40000 ALTER TABLE `settings_tree` ENABLE KEYS */;
UNLOCK TABLES;

--
-- Table structure for table `snmp_query`
--

DROP TABLE IF EXISTS `snmp_query`;
/*!40101 SET @saved_cs_client     = @@character_set_client */;
/*!40101 SET character_set_client = utf8 */;
CREATE TABLE `snmp_query` (
  `id` mediumint(8) unsigned NOT NULL AUTO_INCREMENT,
  `hash` varchar(32) NOT NULL DEFAULT '',
  `xml_path` varchar(255) NOT NULL DEFAULT '',
  `name` varchar(100) NOT NULL DEFAULT '',
  `description` varchar(255) DEFAULT NULL,
  `graph_template_id` mediumint(8) unsigned NOT NULL DEFAULT '0',
  `data_input_id` mediumint(8) unsigned NOT NULL DEFAULT '0',
  PRIMARY KEY (`id`),
  KEY `name` (`name`)
) ENGINE=MyISAM AUTO_INCREMENT=10 DEFAULT CHARSET=latin1;
/*!40101 SET character_set_client = @saved_cs_client */;

--
-- Dumping data for table `snmp_query`
--

LOCK TABLES `snmp_query` WRITE;
/*!40000 ALTER TABLE `snmp_query` DISABLE KEYS */;
INSERT INTO `snmp_query` VALUES (1,'d75e406fdeca4fcef45b8be3a9a63cbc','<path_cacti>/resource/snmp_queries/interface.xml','SNMP - Interface Statistics','Queries a host for a list of monitorable interfaces',0,2),(2,'3c1b27d94ad208a0090f293deadde753','<path_cacti>/resource/snmp_queries/net-snmp_disk.xml','ucd/net -  Get Monitored Partitions','Retrieves a list of monitored partitions/disks from a net-snmp enabled host.',0,2),(3,'59aab7b0feddc7860002ed9303085ba5','<path_cacti>/resource/snmp_queries/kbridge.xml','Karlnet - Wireless Bridge Statistics','Gets information about the wireless connectivity of each station from a Karlnet bridge.',0,2),(4,'ad06f46e22e991cb47c95c7233cfaee8','<path_cacti>/resource/snmp_queries/netware_disk.xml','Netware - Get Available Volumes','Retrieves a list of volumes from a Netware server.',0,2),(6,'8ffa36c1864124b38bcda2ae9bd61f46','<path_cacti>/resource/script_queries/unix_disk.xml','Unix - Get Mounted Partitions','Queries a list of mounted partitions on a unix-based host with the',0,11),(7,'30ec734bc0ae81a3d995be82c73f46c1','<path_cacti>/resource/snmp_queries/netware_cpu.xml','Netware - Get Processor Information','Gets information about running processors in a Netware server',0,2),(8,'9343eab1f4d88b0e61ffc9d020f35414','<path_cacti>/resource/script_server/host_disk.xml','SNMP - Get Mounted Partitions','Gets a list of partitions using SNMP',0,12),(9,'0d1ab53fe37487a5d0b9e1d3ee8c1d0d','<path_cacti>/resource/script_server/host_cpu.xml','SNMP - Get Processor Information','Gets usage for each processor in the system using the host MIB.',0,12);
/*!40000 ALTER TABLE `snmp_query` ENABLE KEYS */;
UNLOCK TABLES;

--
-- Table structure for table `snmp_query_graph`
--

DROP TABLE IF EXISTS `snmp_query_graph`;
/*!40101 SET @saved_cs_client     = @@character_set_client */;
/*!40101 SET character_set_client = utf8 */;
CREATE TABLE `snmp_query_graph` (
  `id` mediumint(8) unsigned NOT NULL AUTO_INCREMENT,
  `hash` varchar(32) NOT NULL DEFAULT '',
  `snmp_query_id` mediumint(8) unsigned NOT NULL DEFAULT '0',
  `name` varchar(100) NOT NULL DEFAULT '',
  `graph_template_id` mediumint(8) unsigned NOT NULL DEFAULT '0',
  PRIMARY KEY (`id`)
) ENGINE=MyISAM AUTO_INCREMENT=23 DEFAULT CHARSET=latin1;
/*!40101 SET character_set_client = @saved_cs_client */;

--
-- Dumping data for table `snmp_query_graph`
--

LOCK TABLES `snmp_query_graph` WRITE;
/*!40000 ALTER TABLE `snmp_query_graph` DISABLE KEYS */;
INSERT INTO `snmp_query_graph` VALUES (2,'a4b829746fb45e35e10474c36c69c0cf',1,'In/Out Errors/Discarded Packets',22),(3,'01e33224f8b15997d3d09d6b1bf83e18',1,'In/Out Non-Unicast Packets',24),(4,'1e6edee3115c42d644dbd014f0577066',1,'In/Out Unicast Packets',23),(6,'da43655bf1f641b07579256227806977',2,'Available/Used Disk Space',3),(7,'1cc468ef92a5779d37a26349e27ef3ba',3,'Wireless Levels',5),(8,'bef2dc94bc84bf91827f45424aac8d2a',3,'Wireless Transmissions',6),(9,'ab93b588c29731ab15db601ca0bc9dec',1,'In/Out Bytes (64-bit Counters)',25),(10,'5a5ce35edb4b195cbde99fd0161dfb4e',4,'Volume Information (free, freeable space)',19),(11,'c1c2cfd33eaf5064300e92e26e20bc56',4,'Directory Information (total/available entries)',20),(13,'ae34f5f385bed8c81a158bf3030f1089',1,'In/Out Bits',2),(14,'1e16a505ddefb40356221d7a50619d91',1,'In/Out Bits (64-bit Counters)',2),(15,'a0b3e7b63c2e66f9e1ea24a16ff245fc',6,'Available Disk Space',21),(16,'d1e0d9b8efd4af98d28ce2aad81a87e7',1,'In/Out Bytes',25),(17,'f6db4151aa07efa401a0af6c9b871844',7,'Get Processor Utilization',15),(18,'46c4ee688932cf6370459527eceb8ef3',8,'Available Disk Space',26),(19,'4a515b61441ea5f27ab7dee6c3cb7818',9,'Get Processor Utilization',27),(20,'ed7f68175d7bb83db8ead332fc945720',1,'In/Out Bits with 95th Percentile',31),(21,'f85386cd2fc94634ef167c7f1e5fbcd0',1,'In/Out Bits with Total Bandwidth',32),(22,'7d309bf200b6e3cdb59a33493c2e58e0',1,'In/Out Bytes with Total Bandwidth',33);
/*!40000 ALTER TABLE `snmp_query_graph` ENABLE KEYS */;
UNLOCK TABLES;

--
-- Table structure for table `snmp_query_graph_rrd`
--

DROP TABLE IF EXISTS `snmp_query_graph_rrd`;
/*!40101 SET @saved_cs_client     = @@character_set_client */;
/*!40101 SET character_set_client = utf8 */;
CREATE TABLE `snmp_query_graph_rrd` (
  `snmp_query_graph_id` mediumint(8) unsigned NOT NULL DEFAULT '0',
  `data_template_id` mediumint(8) unsigned NOT NULL DEFAULT '0',
  `data_template_rrd_id` mediumint(8) unsigned NOT NULL DEFAULT '0',
  `snmp_field_name` varchar(50) NOT NULL DEFAULT '0',
  PRIMARY KEY (`snmp_query_graph_id`,`data_template_id`,`data_template_rrd_id`),
  KEY `data_template_rrd_id` (`data_template_rrd_id`),
  KEY `snmp_query_graph_id` (`snmp_query_graph_id`)
) ENGINE=MyISAM DEFAULT CHARSET=latin1;
/*!40101 SET character_set_client = @saved_cs_client */;

--
-- Dumping data for table `snmp_query_graph_rrd`
--

LOCK TABLES `snmp_query_graph_rrd` WRITE;
/*!40000 ALTER TABLE `snmp_query_graph_rrd` DISABLE KEYS */;
INSERT INTO `snmp_query_graph_rrd` VALUES (2,38,47,'ifInDiscards'),(3,40,52,'ifOutNUcastPkts'),(3,40,53,'ifInNUcastPkts'),(4,39,48,'ifInUcastPkts'),(2,38,51,'ifOutErrors'),(6,3,3,'dskAvail'),(6,3,4,'dskUsed'),(7,7,8,'kbWirelessStationExclHellos'),(7,8,9,'kbWirelessStationExclHellos'),(8,10,11,'kbWirelessStationExclHellos'),(8,9,10,'kbWirelessStationExclHellos'),(9,41,55,'ifHCOutOctets'),(9,41,54,'ifHCInOctets'),(10,35,38,'nwVolSize'),(10,35,40,'nwVolFreeable'),(10,35,39,'nwVolFree'),(11,36,42,'nwVolTotalDirEntries'),(11,36,43,'nwVolUsedDirEntries'),(2,38,50,'ifOutDiscards'),(2,38,46,'ifInErrors'),(13,41,54,'ifInOctets'),(14,41,54,'ifHCInOctets'),(14,41,55,'ifHCOutOctets'),(13,41,55,'ifOutOctets'),(4,39,49,'ifOutUcastPkts'),(15,37,44,'dskAvailable'),(16,41,54,'ifInOctets'),(16,41,55,'ifOutOctets'),(15,37,56,'dskUsed'),(17,42,76,'nwhrProcessorUtilization'),(18,43,78,'hrStorageUsed'),(18,43,92,'hrStorageSize'),(19,44,79,'hrProcessorLoad'),(20,41,55,'ifOutOctets'),(20,41,54,'ifInOctets'),(21,41,55,'ifOutOctets'),(21,41,54,'ifInOctets'),(22,41,55,'ifOutOctets'),(22,41,54,'ifInOctets');
/*!40000 ALTER TABLE `snmp_query_graph_rrd` ENABLE KEYS */;
UNLOCK TABLES;

--
-- Table structure for table `snmp_query_graph_rrd_sv`
--

DROP TABLE IF EXISTS `snmp_query_graph_rrd_sv`;
/*!40101 SET @saved_cs_client     = @@character_set_client */;
/*!40101 SET character_set_client = utf8 */;
CREATE TABLE `snmp_query_graph_rrd_sv` (
  `id` mediumint(8) unsigned NOT NULL AUTO_INCREMENT,
  `hash` varchar(32) NOT NULL DEFAULT '',
  `snmp_query_graph_id` mediumint(8) unsigned NOT NULL DEFAULT '0',
  `data_template_id` mediumint(8) unsigned NOT NULL DEFAULT '0',
  `sequence` mediumint(8) unsigned NOT NULL DEFAULT '0',
  `field_name` varchar(100) NOT NULL DEFAULT '',
  `text` varchar(255) NOT NULL DEFAULT '',
  PRIMARY KEY (`id`),
  KEY `snmp_query_graph_id` (`snmp_query_graph_id`),
  KEY `data_template_id` (`data_template_id`)
) ENGINE=MyISAM AUTO_INCREMENT=128 DEFAULT CHARSET=latin1;
/*!40101 SET character_set_client = @saved_cs_client */;

--
-- Dumping data for table `snmp_query_graph_rrd_sv`
--

LOCK TABLES `snmp_query_graph_rrd_sv` WRITE;
/*!40000 ALTER TABLE `snmp_query_graph_rrd_sv` DISABLE KEYS */;
INSERT INTO `snmp_query_graph_rrd_sv` VALUES (10,'5d3a8b2f4a454e5b0a1494e00fe7d424',6,3,1,'name','|host_description| - Partition - |query_dskDevice|'),(11,'d0b49af67a83c258ef1eab3780f7b3dc',7,7,1,'name','|host_description| - Wireless Noise Level - |query_kbWirelessStationName|'),(12,'bf6b966dc369f3df2ea640a90845e94c',7,8,1,'name','|host_description| - Wireless Signal Level - |query_kbWirelessStationName|'),(13,'5c3616603a7ac9d0c1cb9556b377a74f',8,10,1,'name','|host_description| - Wireless Re-Transmissions - |query_kbWirelessStationName|'),(14,'080f0022f77044a512b083e3a8304e8b',8,9,1,'name','|host_description| - Wireless Transmissions - |query_kbWirelessStationName|'),(30,'8132fa9c446e199732f0102733cb1714',11,36,1,'name','|host_description| - Directories - |query_nwVolPhysicalName|'),(29,'8fc9a94a5f6ef902a3de0fa7549e7476',10,35,1,'name','|host_description| - Volumes - |query_nwVolPhysicalName|'),(80,'27eb220995925e1a5e0e41b2582a2af6',16,41,1,'rrd_maximum','|query_ifSpeed|'),(85,'e85ddc56efa677b70448f9e931360b77',14,41,1,'rrd_maximum','|query_ifSpeed|'),(84,'37bb8c5b38bb7e89ec88ea7ccacf44d4',14,41,4,'name','|host_description| - Traffic - |query_ifDescr|'),(83,'62a47c18be10f273a5f5a13a76b76f54',14,41,3,'name','|host_description| - Traffic - |query_ifIP|/|query_ifDescr|'),(32,'',12,37,1,'name','|host_description| - Partition - |query_dskDevice|'),(49,'6537b3209e0697fbec278e94e7317b52',2,38,1,'name','|host_description| - Errors - |query_ifIP| - |query_ifName|'),(50,'6d3f612051016f48c951af8901720a1c',2,38,2,'name','|host_description| - Errors - |query_ifName|'),(51,'62bc981690576d0b2bd0041ec2e4aa6f',2,38,3,'name','|host_description| - Errors - |query_ifIP|/|query_ifDescr|'),(52,'adb270d55ba521d205eac6a21478804a',2,38,4,'name','|host_description| - Errors - |query_ifDescr|'),(54,'77065435f3bbb2ff99bc3b43b81de8fe',3,40,1,'name','|host_description| - Non-Unicast Packets - |query_ifIP| - |query_ifName|'),(55,'240d8893092619c97a54265e8d0b86a1',3,40,2,'name','|host_description| - Non-Unicast Packets - |query_ifName|'),(56,'4b200ecf445bdeb4c84975b74991df34',3,40,3,'name','|host_description| - Non-Unicast Packets - |query_ifIP|/|query_ifDescr|'),(57,'d6da3887646078e4d01fe60a123c2179',3,40,4,'name','|host_description| - Non-Unicast Packets - |query_ifDescr|'),(59,'ce7769b97d80ca31d21f83dc18ba93c2',4,39,1,'name','|host_description| - Unicast Packets - |query_ifIP| - |query_ifName|'),(60,'1ee1f9717f3f4771f7f823ca5a8b83dd',4,39,2,'name','|host_description| - Unicast Packets - |query_ifName|'),(61,'a7dbd54604533b592d4fae6e67587e32',4,39,3,'name','|host_description| - Unicast Packets - |query_ifIP|/|query_ifDescr|'),(62,'b148fa7199edcf06cd71c89e5c5d7b63',4,39,4,'name','|host_description| - Unicast Packets - |query_ifDescr|'),(69,'cb09784ba05e401a3f1450126ed1e395',15,37,1,'name','|host_description| - Free Space - |query_dskDevice|'),(70,'87a659326af8c75158e5142874fd74b0',13,41,1,'name','|host_description| - Traffic - |query_ifIP| - |query_ifName|'),(72,'14aa2dead86bbad0f992f1514722c95e',13,41,2,'name','|host_description| - Traffic - |query_ifName|'),(73,'70390712158c3c5052a7d830fb456489',13,41,4,'name','|host_description| - Traffic - |query_ifIP|/|query_ifDescr|'),(74,'084efd82bbddb69fb2ac9bd0b0f16ac6',13,41,5,'name','|host_description| - Traffic - |query_ifDescr|'),(75,'7e093c535fa3d810fa76fc3d8c80c94b',13,41,1,'rrd_maximum','|query_ifSpeed|'),(76,'c7ee2110bf81639086d2da03d9d88286',16,41,1,'name','|host_description| - Traffic - |query_ifIP| - |query_ifName|'),(77,'8ef8ae2ef548892ab95bb6c9f0b3170e',16,41,2,'name','|host_description| - Traffic - |query_ifName|'),(78,'3a0f707d1c8fd0e061b70241541c7e2e',16,41,3,'name','|host_description| - Traffic - |query_ifIP|/|query_ifDescr|'),(79,'2347e9f53564a54d43f3c00d4b60040d',16,41,4,'name','|host_description| - Traffic - |query_ifDescr|'),(81,'2e8b27c63d98249096ad5bc320787f43',14,41,1,'name','|host_description| - Traffic - |query_ifIP| - |query_ifName|'),(82,'8d820d091ec1a9683cfa74a462f239ee',14,41,2,'name','|host_description| - Traffic - |query_ifName|'),(86,'c582d3b37f19e4a703d9bf4908dc6548',9,41,1,'name','|host_description| - Traffic - |query_ifIP| - |query_ifName|'),(88,'e1be83d708ed3c0b8715ccb6517a0365',9,41,2,'name','|host_description| - Traffic - |query_ifName|'),(89,'57a9ae1f197498ca8dcde90194f61cbc',9,41,3,'name','|host_description| - Traffic - |query_ifIP|/|query_ifDescr|'),(90,'0110e120981c7ff15304e4a85cb42cbe',9,41,4,'name','|host_description| - Traffic - |query_ifDescr|'),(91,'ce0b9c92a15759d3ddbd7161d26a98b7',9,41,1,'rrd_maximum','|query_ifSpeed|'),(92,'42277993a025f1bfd85374d6b4deeb60',17,42,1,'name','|host_description| - CPU Utilization - CPU|query_nwhrProcessorNum|'),(93,'a3f280327b1592a1a948e256380b544f',18,43,1,'name','|host_description| - Used Space - |query_hrStorageDescr|'),(94,'b5a724edc36c10891fa2a5c370d55b6f',19,44,1,'name','|host_description| - CPU Utilization - CPU|query_hrProcessorFrwID|'),(95,'7e87efd0075caba9908e2e6e569b25b0',20,41,1,'name','|host_description| - Traffic - |query_ifIP| - |query_ifName|'),(96,'dd28d96a253ab86846aedb25d1cca712',20,41,2,'name','|host_description| - Traffic - |query_ifName|'),(97,'ce425fed4eb3174e4f1cde9713eeafa0',20,41,3,'name','|host_description| - Traffic - |query_ifIP|/|query_ifDescr|'),(98,'d0d05156ddb2c65181588db4b64d3907',20,41,4,'name','|host_description| - Traffic - |query_ifDescr|'),(99,'3b018f789ff72cc5693ef79e3a794370',20,41,1,'rrd_maximum','|query_ifSpeed|'),(100,'b225229dbbb48c1766cf90298674ceed',21,41,1,'name','|host_description| - Traffic - |query_ifIP| - |query_ifName|'),(101,'c79248ddbbd195907260887b021a055d',21,41,2,'name','|host_description| - Traffic - |query_ifName|'),(102,'12a6750d973b7f14783f205d86220082',21,41,3,'name','|host_description| - Traffic - |query_ifIP|/|query_ifDescr|'),(103,'25b151fcfe093812cb5c208e36dd697e',21,41,4,'name','|host_description| - Traffic - |query_ifDescr|'),(104,'e9ab404a294e406c20fdd30df766161f',21,41,1,'rrd_maximum','|query_ifSpeed|'),(105,'119578a4f01ab47e820b0e894e5e5bb3',22,41,1,'name','|host_description| - Traffic - |query_ifIP| - |query_ifName|'),(106,'940e57d24b2623849c77b59ed05931b9',22,41,2,'name','|host_description| - Traffic - |query_ifName|'),(107,'0f045eab01bbc4437b30da568ed5cb03',22,41,3,'name','|host_description| - Traffic - |query_ifIP|/|query_ifDescr|'),(108,'bd70bf71108d32f0bf91b24c85b87ff0',22,41,4,'name','|host_description| - Traffic - |query_ifDescr|'),(109,'fdc4cb976c4b9053bfa2af791a21c5b5',22,41,1,'rrd_maximum','|query_ifSpeed|'),(110,'351a07dbd05db4af837c85640e4a7381',2,38,5,'name','|host_hostname| - Errors - |query_ifIP| - |query_ifName|'),(111,'ebaf146751134e303fee0e138ba47d3f',2,38,6,'name','|host_hostname| - Errors - |query_ifName|'),(112,'0c5e754d1a9781d8127387b2bfd8c7fc',2,38,7,'name','|host_hostname| - Errors - |query_ifIP|/|query_ifDescr|'),(113,'11f53e7503b618063c669b326cfa83e6',2,38,8,'name','|host_hostname| - Errors - |query_ifDescr|'),(114,'f4e7fdff7e90e20109933f11268612c9',13,41,3,'name','|host_description| - Traffic - |query_ifName|'),(115,'f79587c8b9524ffd726ab5e722e49860',13,41,6,'name','|host_hostname| - Traffic - |query_ifIP| - |query_ifName|'),(116,'c7fd0c7a5673f9d96c7e572193cabf0e',13,41,7,'name','|host_hostname| - Traffic - |query_ifName|'),(117,'538f3c1da362c9afca2e37c11e00bc5f',13,41,8,'name','|host_hostname| - Traffic - |query_ifIP|/|query_ifDescr|'),(118,'03d3d2160aabd71b307287269072f052',13,41,9,'name','|host_hostname| - Traffic - |query_ifDescr|'),(119,'678ca9fbf50174f636b5ffe94db17567',14,41,1,'rrd_maximum','|query_ifSpeed|'),(120,'747f7cb1b49621b8d51ed27de53aed77',14,41,1,'name','|host_description| - Traffic - |query_ifIP| - |query_ifName|'),(121,'63159199bd9cbd800ea6ba8e1c7ba785',14,41,2,'name','|host_description| - Traffic - |query_ifName|'),(122,'f87264d2981d8f0b1a48c3f53abf9dcd',14,41,3,'name','|host_description| - Traffic - |query_ifIP|/|query_ifDescr|'),(123,'9569f0760c8cc01ff01770f11299ba9a',14,41,4,'name','|host_description| - Traffic - |query_ifDescr|'),(124,'b75108c2597465d89da5f520a51d4c22',14,41,5,'name','|host_hostname| - Traffic - |query_ifIP| - |query_ifName|'),(125,'2d4cfd3175addffa21f3bed7866a2728',14,41,6,'name','|host_hostname| - Traffic - |query_ifName|'),(126,'52f6da941e2f0061ff5aaeda09eadaaa',14,41,7,'name','|host_hostname| - Traffic - |query_ifIP|/|query_ifDescr|'),(127,'ad649786a382ff5f7df5ec75c3839837',14,41,8,'name','|host_hostname| - Traffic - |query_ifDescr|');
/*!40000 ALTER TABLE `snmp_query_graph_rrd_sv` ENABLE KEYS */;
UNLOCK TABLES;

--
-- Table structure for table `snmp_query_graph_sv`
--

DROP TABLE IF EXISTS `snmp_query_graph_sv`;
/*!40101 SET @saved_cs_client     = @@character_set_client */;
/*!40101 SET character_set_client = utf8 */;
CREATE TABLE `snmp_query_graph_sv` (
  `id` mediumint(8) unsigned NOT NULL AUTO_INCREMENT,
  `hash` varchar(32) NOT NULL DEFAULT '',
  `snmp_query_graph_id` mediumint(8) unsigned NOT NULL DEFAULT '0',
  `sequence` mediumint(8) unsigned NOT NULL DEFAULT '0',
  `field_name` varchar(100) NOT NULL DEFAULT '',
  `text` varchar(255) NOT NULL DEFAULT '',
  PRIMARY KEY (`id`),
  KEY `snmp_query_graph_id` (`snmp_query_graph_id`)
) ENGINE=MyISAM AUTO_INCREMENT=66 DEFAULT CHARSET=latin1;
/*!40101 SET character_set_client = @saved_cs_client */;

--
-- Dumping data for table `snmp_query_graph_sv`
--

LOCK TABLES `snmp_query_graph_sv` WRITE;
/*!40000 ALTER TABLE `snmp_query_graph_sv` DISABLE KEYS */;
INSERT INTO `snmp_query_graph_sv` VALUES (7,'437918b8dcd66a64625c6cee481fff61',6,1,'title','|host_description| - Disk Space - |query_dskPath|'),(5,'2ddc61ff4bd9634f33aedce9524b7690',7,1,'title','|host_description| - Wireless Levels (|query_kbWirelessStationName|)'),(6,'c72e2da7af2cdbd6b44a5eb42c5b4758',8,1,'title','|host_description| - Wireless Transmissions (|query_kbWirelessStationName|)'),(11,'a412c5dfa484b599ec0f570979fdbc9e',10,1,'title','|host_description| - Volume Information - |query_nwVolPhysicalName|'),(12,'48f4792dd49fefd7d640ec46b1d7bdb3',11,1,'title','|host_description| - Directory Information - |query_nwVolPhysicalName|'),(14,'',12,1,'title','|host_description| - Disk Space - |query_dskDevice|'),(15,'49dca5592ac26ff149a4fbd18d690644',13,2,'title','|host_description| - Traffic - |query_ifName|'),(16,'bda15298139ad22bdc8a3b0952d4e3ab',13,3,'title','|host_description| - Traffic - |query_ifIP| (|query_ifDescr|)'),(17,'29e48483d0471fcd996bfb702a5960aa',13,4,'title','|host_description| - Traffic - |query_ifDescr|/|query_ifIndex|'),(18,'3f42d358965cb94ce4f708b59e04f82b',14,1,'title','|host_description| - Traffic - |query_ifName|'),(19,'45f44b2f811ea8a8ace1cbed8ef906f1',14,2,'title','|host_description| - Traffic - |query_ifIP| (|query_ifDescr|)'),(20,'69c14fbcc23aecb9920b3cdad7f89901',14,3,'title','|host_description| - Traffic - |query_ifDescr|/|query_ifIndex|'),(21,'299d3434851fc0d5c0e105429069709d',2,3,'title','|host_description| - Errors - |query_ifName|'),(22,'8c8860b17fd67a9a500b4cb8b5e19d4b',2,7,'title','|host_description| - Errors - |query_ifIP| (|query_ifDescr|)'),(23,'d96360ae5094e5732e7e7496ceceb636',2,8,'title','|host_description| - Errors - |query_ifDescr|/|query_ifIndex|'),(24,'750a290cadc3dc60bb682a5c5f47df16',3,1,'title','|host_description| - Non-Unicast Packets - |query_ifName|'),(25,'bde195eecc256c42ca9725f1f22c1dc0',3,2,'title','|host_description| - Non-Unicast Packets - |query_ifIP| (|query_ifDescr|)'),(26,'d9e97d22689e4ffddaca23b46f2aa306',3,3,'title','|host_description| - Non-Unicast Packets - |query_ifDescr|/|query_ifIndex|'),(27,'48ceaba62e0c2671a810a7f1adc5f751',4,1,'title','|host_description| - Unicast Packets - |query_ifName|'),(28,'d6258884bed44abe46d264198adc7c5d',4,2,'title','|host_description| - Unicast Packets - |query_ifIP| (|query_ifDescr|)'),(29,'6eb58d9835b2b86222306d6ced9961d9',4,3,'title','|host_description| - Unicast Packets - |query_ifDescr|/|query_ifIndex|'),(30,'f21b23df740bc4a2d691d2d7b1b18dba',15,1,'title','|host_description| - Disk Space - |query_dskDevice|'),(31,'7fb4a267065f960df81c15f9022cd3a4',16,1,'title','|host_description| - Traffic - |query_ifName|'),(32,'e403f5a733bf5c8401a110609683deb3',16,2,'title','|host_description| - Traffic - |query_ifIP| (|query_ifDescr|)'),(33,'809c2e80552d56b65ca496c1c2fff398',16,3,'title','|host_description| - Traffic - |query_ifDescr|/|query_ifIndex|'),(34,'0a5eb36e98c04ad6be8e1ef66caeed3c',9,1,'title','|host_description| - Traffic - |query_ifName|'),(35,'4c4386a96e6057b7bd0b78095209ddfa',9,2,'title','|host_description| - Traffic - |query_ifIP| (|query_ifDescr|)'),(36,'fd3a384768b0388fa64119fe2f0cc113',9,3,'title','|host_description| - Traffic - |query_ifDescr|/|query_ifIndex|'),(38,'9852782792ede7c0805990e506ac9618',18,1,'title','|host_description| - Used Space - |query_hrStorageDescr|'),(39,'fa2f07ab54fce72eea684ba893dd9c95',19,1,'title','|host_description| - CPU Utilization - CPU|query_hrProcessorFrwID|'),(40,'d99f8db04fd07bcd2260d246916e03da',17,1,'title','|host_description| - CPU Utilization - CPU|query_nwhrProcessorNum|'),(41,'f434ec853c479d424276f367e9806a75',20,1,'title','|host_description| - Traffic - |query_ifName|'),(42,'9b085245847444c5fb90ebbf4448e265',20,2,'title','|host_description| - Traffic - |query_ifIP| (|query_ifDescr|)'),(43,'5977863f28629bd8eb93a2a9cbc3e306',20,3,'title','|host_description| - Traffic - |query_ifDescr|/|query_ifIndex|'),(44,'37b6711af3930c56309cf8956d8bbf14',21,2,'title','|host_description| - Traffic - |query_ifName|'),(45,'cc435c5884a75421329a9b08207c1c90',21,3,'title','|host_description| - Traffic - |query_ifIP| (|query_ifDescr|)'),(46,'82edeea1ec249c9818773e3145836492',21,4,'title','|host_description| - Traffic - |query_ifDescr|/|query_ifIndex|'),(47,'87522150ee8a601b4d6a1f6b9e919c47',22,1,'title','|host_description| - Traffic - |query_ifName|'),(48,'993a87c04f550f1209d689d584aa8b45',22,2,'title','|host_description| - Traffic - |query_ifIP| (|query_ifDescr|)'),(49,'183bb486c92a566fddcb0585ede37865',22,3,'title','|host_description| - Traffic - |query_ifDescr|/|query_ifIndex|'),(50,'a60b86693c0482d2f52a09dfe961d9e4',2,1,'title','|host_description| - Errors - |query_ifName| - (|query_ifAlias|)'),(51,'a107d4655000e380be72c3eab465b7d9',2,9,'title','|host_hostname| - Errors - |query_ifName|'),(52,'81a8320ec536c790d5a410bf0101b13f',2,10,'title','|host_hostname| - Errors - |query_ifIP| (|query_ifDescr|)'),(53,'2a897fed054fc8d2b7ae05cd7a635639',2,11,'title','|host_hostname| - Errors - |query_ifDescr|/|query_ifIndex|'),(54,'ad178dd4c21737b7248a003896618cca',13,1,'title','|host_description| - Traffic - |query_ifName| - (|query_ifAlias|)'),(55,'6b2af36e19b37a910af99e6120e09635',13,5,'title','|host_hostname| - Traffic - |query_ifName|'),(56,'95ec5b05a33b6ecb94fa52b07b7e95aa',13,6,'title','|host_hostname| - Traffic - |query_ifIP| (|query_ifDescr|)'),(57,'dc705a1b827d4382ee7bdab1a3b6d840',13,7,'title','|host_hostname| - Traffic - |query_ifDescr|/|query_ifIndex|'),(58,'6213182790b491588a42e12795673a22',14,1,'title','|host_description| - Traffic - |query_ifName| - (|query_ifAlias|)'),(59,'0805c579674b98884a9b4c69bbce8fde',14,2,'title','|host_description| - Traffic - |query_ifName|'),(60,'f9c8b2d3783fbe2e8a88a0f5924d5eb4',14,3,'title','|host_description| - Traffic - |query_ifIP| (|query_ifDescr|)'),(61,'ed2c0c664e56877bf6660412553020bd',14,4,'title','|host_description| - Traffic - |query_ifDescr|/|query_ifIndex|'),(62,'ba75e07cb78b0033088b0bf2878c29d2',14,5,'title','|host_hostname| - Traffic - |query_ifName|'),(63,'76463baa5afb0c6bd23deca506409a75',14,6,'title','|host_hostname| - Traffic - |query_ifIP| (|query_ifDescr|)'),(64,'3fed6f7ce386987fdbf3b144951ddbe8',14,7,'title','|host_hostname| - Traffic - |query_ifDescr|/|query_ifIndex|'),(65,'f09065d2ef5826d6258a92d46cf37d0d',21,1,'title','    |host_description| - Traffic - |query_ifName| - (|query_ifAlias|)');
/*!40000 ALTER TABLE `snmp_query_graph_sv` ENABLE KEYS */;
UNLOCK TABLES;

--
-- Table structure for table `user_auth`
--

DROP TABLE IF EXISTS `user_auth`;
/*!40101 SET @saved_cs_client     = @@character_set_client */;
/*!40101 SET character_set_client = utf8 */;
CREATE TABLE `user_auth` (
  `id` mediumint(8) unsigned NOT NULL AUTO_INCREMENT,
  `username` varchar(50) NOT NULL DEFAULT '0',
  `password` varchar(50) NOT NULL DEFAULT '0',
  `realm` mediumint(8) NOT NULL DEFAULT '0',
  `full_name` varchar(100) DEFAULT '0',
  `must_change_password` char(2) DEFAULT NULL,
  `show_tree` char(2) DEFAULT 'on',
  `show_list` char(2) DEFAULT 'on',
  `show_preview` char(2) NOT NULL DEFAULT 'on',
  `graph_settings` char(2) DEFAULT NULL,
  `login_opts` tinyint(1) NOT NULL DEFAULT '1',
  `policy_graphs` tinyint(1) unsigned NOT NULL DEFAULT '1',
  `policy_trees` tinyint(1) unsigned NOT NULL DEFAULT '1',
  `policy_hosts` tinyint(1) unsigned NOT NULL DEFAULT '1',
  `policy_graph_templates` tinyint(1) unsigned NOT NULL DEFAULT '1',
  `enabled` char(2) NOT NULL DEFAULT 'on',
  PRIMARY KEY (`id`),
  KEY `username` (`username`),
  KEY `realm` (`realm`),
  KEY `enabled` (`enabled`)
) ENGINE=MyISAM AUTO_INCREMENT=4 DEFAULT CHARSET=latin1;
/*!40101 SET character_set_client = @saved_cs_client */;

--
-- Dumping data for table `user_auth`
--

LOCK TABLES `user_auth` WRITE;
/*!40000 ALTER TABLE `user_auth` DISABLE KEYS */;
INSERT INTO `user_auth` VALUES (1,'admin','b254c8e33a919a0ba57686c363405233',0,'Administrator','','on','on','on','on',1,1,1,1,1,'on'),(3,'guest','43e9a4ab75570f5b',0,'Guest Account','on','on','on','on','on',3,1,1,1,1,'');
/*!40000 ALTER TABLE `user_auth` ENABLE KEYS */;
UNLOCK TABLES;

--
-- Table structure for table `user_auth_perms`
--

DROP TABLE IF EXISTS `user_auth_perms`;
/*!40101 SET @saved_cs_client     = @@character_set_client */;
/*!40101 SET character_set_client = utf8 */;
CREATE TABLE `user_auth_perms` (
  `user_id` mediumint(8) unsigned NOT NULL DEFAULT '0',
  `item_id` mediumint(8) unsigned NOT NULL DEFAULT '0',
  `type` tinyint(2) unsigned NOT NULL DEFAULT '0',
  PRIMARY KEY (`user_id`,`item_id`,`type`),
  KEY `user_id` (`user_id`,`type`)
) ENGINE=MyISAM DEFAULT CHARSET=latin1;
/*!40101 SET character_set_client = @saved_cs_client */;

--
-- Dumping data for table `user_auth_perms`
--

LOCK TABLES `user_auth_perms` WRITE;
/*!40000 ALTER TABLE `user_auth_perms` DISABLE KEYS */;
/*!40000 ALTER TABLE `user_auth_perms` ENABLE KEYS */;
UNLOCK TABLES;

--
-- Table structure for table `user_auth_realm`
--

DROP TABLE IF EXISTS `user_auth_realm`;
/*!40101 SET @saved_cs_client     = @@character_set_client */;
/*!40101 SET character_set_client = utf8 */;
CREATE TABLE `user_auth_realm` (
  `realm_id` mediumint(8) unsigned NOT NULL DEFAULT '0',
  `user_id` mediumint(8) unsigned NOT NULL DEFAULT '0',
  PRIMARY KEY (`realm_id`,`user_id`),
  KEY `user_id` (`user_id`)
) ENGINE=MyISAM DEFAULT CHARSET=latin1;
/*!40101 SET character_set_client = @saved_cs_client */;

--
-- Dumping data for table `user_auth_realm`
--

LOCK TABLES `user_auth_realm` WRITE;
/*!40000 ALTER TABLE `user_auth_realm` DISABLE KEYS */;
INSERT INTO `user_auth_realm` VALUES (1,1),(2,1),(3,1),(4,1),(5,1),(7,1),(7,3),(8,1),(9,1),(10,1),(11,1),(12,1),(13,1),(14,1),(15,1),(16,1),(17,1),(101,1);
/*!40000 ALTER TABLE `user_auth_realm` ENABLE KEYS */;
UNLOCK TABLES;

--
-- Table structure for table `user_log`
--

DROP TABLE IF EXISTS `user_log`;
/*!40101 SET @saved_cs_client     = @@character_set_client */;
/*!40101 SET character_set_client = utf8 */;
CREATE TABLE `user_log` (
  `username` varchar(50) NOT NULL DEFAULT '0',
  `user_id` mediumint(8) NOT NULL DEFAULT '0',
  `time` datetime NOT NULL DEFAULT '0000-00-00 00:00:00',
  `result` tinyint(1) NOT NULL DEFAULT '0',
  `ip` varchar(40) NOT NULL DEFAULT '',
  PRIMARY KEY (`username`,`user_id`,`time`),
  KEY `username` (`username`),
  KEY `user_id` (`user_id`)
) ENGINE=MyISAM DEFAULT CHARSET=latin1;
/*!40101 SET character_set_client = @saved_cs_client */;

--
-- Dumping data for table `user_log`
--

LOCK TABLES `user_log` WRITE;
/*!40000 ALTER TABLE `user_log` DISABLE KEYS */;
INSERT INTO `user_log` VALUES ('admin',0,'2014-10-07 18:11:12',0,'200.155.31.92'),('admin',1,'2014-10-07 18:11:16',1,'200.155.31.92'),('admin',0,'0000-00-00 00:00:00',3,'200.155.31.92'),('admin',0,'2014-10-07 19:51:56',0,'200.155.31.92'),('admin',1,'2014-10-07 19:52:04',1,'200.155.31.92'),('admin',1,'2014-10-08 14:14:58',1,'200.155.31.92'),('admin',0,'2014-10-09 16:29:08',0,'200.155.31.92'),('admin',1,'2014-10-09 16:29:14',1,'200.155.31.92'),('admin',0,'2014-10-11 00:41:53',0,'200.155.31.92'),('admin',0,'2014-10-11 00:42:01',0,'200.155.31.92'),('admin',1,'2014-10-11 00:42:22',1,'200.155.31.92'),('admin',1,'2014-10-13 14:38:41',1,'200.155.31.92'),('admin',1,'2014-10-14 13:46:20',1,'200.155.31.92'),('admin',1,'2014-10-15 11:06:38',1,'200.155.31.92'),('admin',1,'2014-10-15 14:25:07',1,'200.155.31.92'),('admin',1,'2014-10-15 15:53:08',1,'200.155.31.92'),('admin',1,'2014-10-16 12:02:11',1,'200.155.31.92'),('admin',0,'2014-10-21 11:26:38',0,'200.155.31.92'),('admin',1,'2014-10-21 11:26:42',1,'200.155.31.92'),('admin',1,'2014-10-23 20:06:00',1,'200.155.31.92'),('admin',0,'2014-10-24 12:54:52',0,'201.20.18.92'),('admin',1,'2014-10-24 12:55:03',1,'201.20.18.92'),('admin',1,'2014-10-27 10:17:16',1,'177.179.30.100'),('admin',1,'2014-10-28 14:46:16',1,'201.20.18.92'),('admin',1,'2014-10-29 10:19:48',1,'189.48.64.31'),('admin',1,'2014-10-30 11:27:10',1,'201.20.18.92'),('admin',1,'2014-12-10 14:52:46',1,'200.155.9.74'),('admin',1,'2014-12-17 18:14:17',1,'200.155.31.92'),('admin',1,'2014-12-18 10:29:49',1,'200.155.31.92'),('admin',1,'2014-12-22 12:02:07',1,'200.155.31.92'),('admin',1,'2015-01-06 10:54:17',1,'200.155.31.92'),('admin',1,'2015-01-16 11:37:45',1,'201.20.18.92'),('admin',1,'2015-01-19 16:56:08',1,'201.20.18.92'),('admin',1,'2015-01-21 10:22:21',1,'200.155.31.92'),('admin',1,'2015-01-22 14:35:55',1,'200.155.31.92'),('admin',1,'2015-01-23 21:02:45',1,'200.155.31.92'),('admin',1,'2015-01-26 13:41:11',1,'200.155.31.92'),('admin',1,'2015-01-27 12:04:50',1,'200.155.31.92'),('admin',1,'2015-01-28 14:34:10',1,'200.155.31.92'),('admin',1,'2015-01-29 11:52:02',1,'200.155.31.92'),('admin',1,'2015-01-30 11:21:49',1,'200.155.31.92'),('admin',1,'2015-02-10 15:46:26',1,'200.155.31.92'),('admin',1,'2015-02-13 13:26:45',1,'201.20.18.92'),('admin',1,'2015-04-23 13:21:18',1,'200.220.199.226'),('admin',1,'2015-04-24 13:30:13',1,'201.20.18.92'),('admin',1,'2015-06-15 17:09:01',1,'201.20.18.92'),('admin',1,'2015-06-23 10:51:17',1,'179.215.18.82'),('danielmarques',0,'2018-04-30 20:05:22',0,'216.221.228.6'),('danielmarquesd',0,'2018-04-30 20:05:25',0,'216.221.228.6'),('danielmarquesd',0,'2018-04-30 20:05:30',0,'216.221.228.6'),('admin',1,'2018-04-30 20:06:02',1,'216.221.228.6'),('admin',1,'2019-05-18 18:54:25',1,'186.223.166.246');
/*!40000 ALTER TABLE `user_log` ENABLE KEYS */;
UNLOCK TABLES;

--
-- Table structure for table `version`
--

DROP TABLE IF EXISTS `version`;
/*!40101 SET @saved_cs_client     = @@character_set_client */;
/*!40101 SET character_set_client = utf8 */;
CREATE TABLE `version` (
  `cacti` char(20) DEFAULT NULL
) ENGINE=MyISAM DEFAULT CHARSET=latin1;
/*!40101 SET character_set_client = @saved_cs_client */;

--
-- Dumping data for table `version`
--

LOCK TABLES `version` WRITE;
/*!40000 ALTER TABLE `version` DISABLE KEYS */;
INSERT INTO `version` VALUES ('0.8.8b');
/*!40000 ALTER TABLE `version` ENABLE KEYS */;
UNLOCK TABLES;
/*!40103 SET TIME_ZONE=@OLD_TIME_ZONE */;

/*!40101 SET SQL_MODE=@OLD_SQL_MODE */;
/*!40014 SET FOREIGN_KEY_CHECKS=@OLD_FOREIGN_KEY_CHECKS */;
/*!40014 SET UNIQUE_CHECKS=@OLD_UNIQUE_CHECKS */;
/*!40101 SET CHARACTER_SET_CLIENT=@OLD_CHARACTER_SET_CLIENT */;
/*!40101 SET CHARACTER_SET_RESULTS=@OLD_CHARACTER_SET_RESULTS */;
/*!40101 SET COLLATION_CONNECTION=@OLD_COLLATION_CONNECTION */;
/*!40111 SET SQL_NOTES=@OLD_SQL_NOTES */;

-- Dump completed on 2019-06-06 18:43:20
